name,cas,solvent_1,solvent_2,solvent_3,solvent_4,solvent_5
Acetamide,60-35-5,water,,,,
Acetoacetamide,5977-14-0,chloroform,,,,
"Acetylenedicarboxamide (Aquamycin, Cellocidin)",543-21-5,methanol/water,,,,
Acetylenedicarboxylic acid (butynedioic acid),142-45-0,diethyl_ether,,,,
N-Acetylethylenediamine,1001-53-2,dioxane/diethyl_ether,ethanol/ethyl_acetate,,,
"cis-Aconitic acid (1,2,3-propenetriscarboxylic acid)",585-84-2,acetone/chloroform,,,,
Acrylamide,79-06-1,acetone,,,,
Adipic acid,124-04-9,acetone,,,,
N-Allylthiourea (thiosinamine),109-57-9,acetone,water,,,
N-Allylurea,557-11-9,ethanol,,,,
Aminoacetonitrile bisulfate,151-63-3,ethanol/diethyl_ether,water/ethanol,,,
2-Aminoethanol (ethanolamine),141-43-5,ethanol,,,,
(2-Aminoethyl)trimethylammonium chloride hydrochloride (chloramine chloride hydrochloride),,ethanol,,,,
"2-Amino-2-methyl-1,3-propanediol",115-69-5,methanol,,,,
Arachidic (eicosanoic C20) acid,506-30-9,petroleum_ether,,,,
"Azelaic acid (1,9-nonanedioic acid, heptane-1,7-dicarboxylic acid)",123-99-9,water,,,,
Biguanide,56-03-1,ethanol,,,,
"Bis-acrylamide (N,N'-methylene bisacrylamide)",110-26-9,methanol,,,,
Bis(2-mercaptoethyl)sulfone (BMS),145626-87-5,hexane,,,,
Bis(trichloromethyl) carbonate (triphosgene),32315-10-9,petroleum_ether,,,,
"Biuret (allophanic acid amide, carbamoylurea)",108-19-0,ethanol,,,,
N-Bromoacetamide,79-15-2,chloroform,,,,
Bromoacetic acid,79-08-3,petroleum_ether,,,,
(±)-2-Bromohexadecanoic acid (2-bromopalmitic acid),18263-25-7,ethanol,,,,
3-Bromopropionic acid,590-92-1,carbon_tetrachloride,,,,
N-Bromosuccinimide,128-08-5,acetic_acid,,,,
Bromotetronic acid (2-bromo-4-hydroxyacetoacetic lactone),21151-51-9,ethyl_acetate,,,,
5-Bromovaleric (γ−bromopentanoic) acid,2067-33-6,petroleum_ether,,,,
"1,4-Butanediol (tetramethylene glycol)",110-63-4,acetone,,,,
1-Butanesulfonyl chloride,2386-60-9,chloroform,,,,
tert-Butyl carbazate,870-46-2,petroleum_ether,,,,
tert-Butylperoxy isobutyrate,109-13-7,petroleum_ether,,,,
N-tert-Butyl urea,1118-12-3,water,,,,
"2-Butyne-1,4-diol",110-65-6,ethyl_acetate,,,,
n-Butyric acid,107-92-6,acetone,,,,
Carbon tetrabromide,558-13-4,ethanol,,,,
Cetyl acetate (hexadecyl acetate),629-70-9,methanol,,,,
"Cetylamine (HDA, 1-hexadecylamine)",143-27-1,methanol,,,,
Cetyl ether (dihexadecyl ether),4113-12-6,methanol,,,,
"Cetyltrimethylammonium bromide (cetrimonium bromide, CTAB)",57-09-0,ethanol,,,,
Cetyltrimethylammonium chloride,112-02-7,acetone,methanol,,,
Chloroacetic acid,79-11-8,acetone,chloroform,,,
3-Chloropropionic acid,107-94-8,petroleum_ether,,,,
Citraconic acid (methylmaleic acid),498-23-7,ethanol/petroleum_ether,,,,
trans-Crotonic acid (trans-2-butenoic acid),107-93-7,petroleum_ether,,,,
Cyanoacetic acid,372-09-8,methanol/dioxane,ethanol,acetone,,
Decyltrimethylammonium bromide,2082-84-0,ethanol/water/diethyl_ether,acetone,ethanol,,
"1,4-Diaminobutane dihydrochloride (putrescine 2HCl)",333-93-7,ethanol/water,,,,
"1,3-Diaminopropane dihydrochloride",10517-44-9,ethanol/water,,,,
Dibromomaleic acid,608-37-7,diethyl_ether/diethyl_ether/chloroform,,,,
Di-tert-butylazodicarboxylate,870-50-8,petroleum_ether,,,,
Dichloroacetic acid,79-43-6,petroleum_ether,,,,
"sym-Dichloroacetone (1,3-dichloropropan-2-one)",534-07-6,carbon_tetrachloride,,,,
"2,3-Dichloromaleic anhydride",1122-17-4,chloroform,,,,
Didodecylamine,3007-31-6,methanol/acetone,ethanol,,,
Didodecyldimethylammonium bromide,3282-73-3,acetone,,,,
Diethyl acetamidomalonate,1068-90-2,petroleum_ether,,,,
Diethylamine,109-89-7,methanol,,,,
Diethylene glycol,111-46-6,acetone,,,,
"2,2-Diethyl-1,3-propanediol",115-76-4,petroleum_ether,,,,
Diisopropanolamine,110-97-4,water,,,,
"meso-2,3-Dimercaptosuccinic acid (DMSA)",304-55-2,methanol,ethyl_acetate,,,
Dimethyl adipimidate dihydrochloride,14620-72-5,methanol,,,,
Dimethylamine,124-40-3,chloroform,methanol,,,
"1-(3-Dimethylaminopropyl)-3-ethylcarbodiimide hydrochloride (EDCI, DEC, 1-ethyl-3-(3dimethylaminopropyl) carbodiimide hydrochloride)",25952-53-8,diethyl_ether,chloroform/ethyl_acetate,chloroform/diethyl_ether,,
"N,N-Dimethylbiuret",7710-35-2,water,,,,
"Dimethyldioctadecylammonium bromide (dioctadecyldimethylammonium bromide, distearyldimethylammonium bromide)",3700-67-2,acetone,,,,
"Trans-d,l-2,4-Dimethylglutaric acid (d,l-2,4-dimethylpentane-1,5-dioic acid)",2121-67-7,diethyl_ether/petroleum_ether,,,,
"3,3-Dimethylglutaric anhydride",4160-82-1,petroleum_ether,,,,
Dimethylglyoxime,95-45-4,ethanol,,,,
"1,1-Dimethylhydrazine",57-14-7,ethanol/water,,,,
Dimethylmalonic acid,595-46-0,petroleum_ether,,,,
Dimethyl oxalate,553-90-2,ethanol,,,,
"2,2-Dimethyl-1,3-propanediol (neopentyl glycol)",126-30-7,acetone,,,,
"2,2-Dimethylsuccinic acid",597-43-3,ethanol/diethyl_ether/ethanol/chloroform,,,,
"meso-2,3-Dimethylsuccinic acid",608-40-2,ethanol/diethyl_ether/ethanol/chloroform,,,,
"N,N-Dimethylthiocarbamoyl chloride (DMTCC)",16420-13-6,acetone,ethanol,,,
"2,2-Dinitropropane",595-49-3,ethanol/methanol,,,,
"N,N-Dioctadecyl methylamine (proton ionophore III )",4088-22-6,acetone/acetonitrile,,,,
"1,4-Dithioerythritol (DTE, erythro-2,3-dihydroxy-1,4-dithiobutane)",6892-68-8,diethyl_ether/hexane,,,,
Dithiooxamide (rubeanic acid),79-40-3,ethanol,,,,
Docosane (C22),629-97-0,ethanol/diethyl_ether,,,,
Docosanoic acid (behenic acid),112-85-6,petroleum_ether,,,,
1-Docosanol (behenyl alcohol),661-19-8,diethyl_ether/chloroform/diethyl_ether,,,,
Dodecylamine (lauryl amine),124-22-1,acetone/chloroform/petroleum_ether,petroleum_ether,,,
"Dodecyldimethylamine N-oxide (DDAO, DDMAO)",1643-20-5,acetone,,,,
"Dodecyl ether (didodecyl ether, lauryl ether)",4542-57-8,methanol/methanol,,,,
Dodecyltrimethylammonium bromide,1119-94-4,ethanol/diethyl_ether/methanol,acetone,ethanol,,
Eicosane (C20),112-95-8,ethanol,,,,
Elaidic (trans-oleic) acid,112-79-8,acetic_acid,,,,
Erucic acid (cis-13-docosenoic acid),112-86-7,methanol,,,,
Ethyl acetimidate hydrochloride,2208-07-3,ethanol,,,,
Ethylamine,75-04-7,methanol/chloroform,,,,
"N,N'-Ethylenediaminediacetic acid (EDDA)",5657-17-0,water,,,,
Ethyl malonate monoamide,7597-56-0,diethyl_ether,,,,
Ethyl nitroacetate,626-35-7,ethanol/water,,,,
Ethyl stearate,111-61-5,ethanol,,,,
Ethyl thioglycolate (ethyl 2-mercaptoacetate),623-51-8,ethanol,,,,
N-Ethylthiourea,625-53-6,ethanol,,,,
"Ethyl 4,4,4-trifluoroacetoacetate (ethyl 3-oxo-4,4,4-trifluorobutyrate)",372-31-6,ethanol,,,,
Fluoroacetamide,640-19-7,chloroform,,,,
Formamidine hydrochloride,6313-33-3,methanol,,,,
N-Formyl tert-butylamine (N-tert-butylformamide),2425-74-3,diethyl_ether,,,,
Formyl hydrazine (formic acid hydrazide),624-84-0,ethanol,,,,
dl-Glyceraldehyde,56-82-6,ethanol,,,,
Guanidine carbonate,593-85-1,methanol,,,,
Heptadecanoic acid (margaric),506-12-7,chloroform/petroleum_ether,methanol/petroleum_ether,,,
1-Heptadecanol,1454-85-9,acetone,,,,
n-Heptaldehyde,111-71-7,water,,,,
n-Heptaldoxime,629-31-2,water,,,,
Hexachloroethane,67-72-1,ethanol/water,,,,
"Hexacosanoic acid (cerotic acid, cerotinic acid)",506-46-7,ethanol,,,,
n-Hexadecane (Cetane),544-76-3,acetone,,,,
"1,14-Hexadecanedioic acid (Thaspic acid)",505-54-4,ethanol,,,,
Hexadecanoic acid (palmitic acid),57-10-3,acetone,hexane,,,
Hexyltrimethylammonium bromide,2650-53-5,acetone,,,,
12-Hydroxydodecanoic acid (12-hydroxylauric acid),505-95-3,toluene,,,,
2-Hydroxyethylimino-tris(hydroxymethyl)methane (MONO-TRIS),7343-51-3,ethanol,,,,
dl-2-Hydroxy-3-methylbutyric (α-hydroxyisovaleric) acid,4026-18-0,diethyl_ether,,,,
3-Hydroxy-3-methylglutaric acid (Meglutol),503-49-1,hexane,,,,
"2-Hydroxy-2-methylpropionic acid (α-hydroxyisobutyric acid, 2-methyllactic acid)",594-61-6,diethyl_ether,,,,
N-Hydroxysuccinimide,6066-82-6,ethanol,,,,
(±)-2-Hydroxy-n-tetradecanoic acid (α-hydroxymyristic acid),2507-55-3,chloroform,,,,
R(-)-2-Hydroxy-n-tetradecanoic acid,26632-17-7,diethyl_ether,chloroform,acetone,,
Iodoacetic acid,64-69-7,petroleum_ether/chloroform/carbon_tetrachloride,,,,
Iodoform,75-47-8,methanol,,,,
N-Iodosuccinimide,516-12-1,dioxane/carbon_tetrachloride,,,,
Isobutyramide (2-methylpropionamide),563-83-7,acetone,,,,
Isopropyl acrylamide,2210-25-5,hexane,,,,
"Itaconic acid (2-propen-1,2-dicarboxylic acid)",97-65-4,ethanol,,,,
"Itaconic anhydride (2-propen-1,2-dicarboxylic anhydride)",2170-03-8,chloroform/petroleum_ether,,,,
Lauric acid (1-dodecanoic acid),143-07-7,acetone,,,,
Z-Maleamic acid (cis-maleic acid monoamide),557-24-4,ethanol,,,,
"Maleic acid (toxilic acid, cis-butenedioic acid)",110-16-7,acetone/petroleum_ether,,,,
Malonic acid,141-82-2,water/acetone,,,,
Mesaconic acid (methylfumaric acid),498-24-8,water,,,,
Mesityl oxide (4129 -methyl-3-penten -2-one),141-79-7,ethanol,,,,
Methyl cyanoformate,17640-15-2,diethyl_ether,,,,
N-Methyleneaminoacetonitrile (MAAN),109-82-0,acetone,ethanol,,,
"O-Methylisourea hydrogen sulfate (2-methylpseudourea sulfate, O-methylisourea bisulfate)",29427-58-5,methanol,,,,
2-Methyl-2-nitro-1-propanol,76-39-1,petroleum_ether/methanol,,,,
Methyl oleate (methyl cis-9-octadecenoate),112-62-9,acetone,,,,
3-Methyl-3-pentanol carbamate (Emylcamate),78-28-4,water,,,,
2-Methyl-1-propanol (isobutanol),78-83-1,petroleum_ether,,,,
Methyl stearate (methyl octadecanoate),122-61-8,petroleum_ether,,,,
R(+)-2-Methylsuccinic anhydride,83247-83-0,chloroform/petroleum_ether/petroleum_ether,,,,
R(+)-2-Methylsuccinimide,117307-07-0,toluene,,,,
N-Methylsuccinimide,1121-07-9,diethyl_ether,ethanol/acetone,,,
N-Methylthioacetamide,5310-10-1,ethanol,,,,
N-Monobutyl urea,592-31-4,ethanol,,,,
N-Monoethyl urea,625-52-5,ethanol,,,,
N-Monomethyl urea,598-50-5,ethanol,,,,
N-Monopropyl urea,627-06-5,ethanol/ethanol/diethyl_ether,,,,
"trans, trans-Muconic acid (hexa-2,4-dienedioic acid)",3588-17-8,water,,,,
Myristic acid (tetradecanoic acid),544-63-8,petroleum_ether,,,,
Nitrourea,556-89-8,ethanol/petroleum_ether,,,,
n-Octacosane,630-02-4,acetone,,,,
n-Octadecane,593-45-3,acetone,,,,
Octadecyl acetate,822-23-1,diethyl_ether/methanol,,,,
"n-Octadecyl alcohol (stearyl alcohol, octadecanol)",112-92-5,ethanol,methanol,,,
Octadecyl ether (dioctadecyl ether),6297-03-6,methanol,,,,
"RS-Octane-1,2-diol",1117-86-8,petroleum_ether,,,,
"Octane-1,8-diol (octamethylene glycol)",629-41-4,ethanol,,,,
"Oleic acid (OLA, cis-9-octadecenoic acid, olainic acid)",112-80-1,acetone,,,,
Oleyl alcohol,143-28-2,acetone,,,,
Oxaloacetic acid,328-42-7,ethyl_acetate,acetone,,,
"2-Oxoglutaric acid (2-oxopentane-1,5-dioic, α-ketoglutaric acid)",328-50-7,acetone,,,,
Palmitic acid anhydride (hexadecanoic anhydride),623-65-4,petroleum_ether,,,,
Pentabromoacetone,79-49-2,diethyl_ether,,,,
Pentadecafluoro octanoic acid (perfluorocaprylic acid),335-67-1,carbon_tetrachloride/toluene,,,,
Pentadecanoic acid,1002-84-2,diethyl_ether,,,,
"Pentadecanolide (1-oxacyclohexadecan-2-one, pentadecanoic-ω-lactone, 15-hydroxypentadecanoic lactone, exaltolide, Tibetolide)",106-02-5,methanol,,,,
"Phorone (2,6-dimethylhepta-2,5-dien-4-one)",504-20-1,ethanol,,,,
"Pinacol (anhydrous) (2,3-dimethyl-2,3-butanediol)",76-09-5,toluene/petroleum_ether,,,,
Propionamide,79-05-0,acetone,,,,
n-Propyl alcohol (1-propanol),71-23-8,water,,,,
Pyruvic acid (2-oxopropionic acid),127-17-3,acetone,,,,
Sebacic acid monomethyl ester,818-88-2,acetone/petroleum_ether/petroleum_ether,,,,
Semicarbazide hydrochloride (hydrazine carboxamide hydrochloride),563-41-7,water,,,,
Stearic acid (octadecanoic acid),57-11-4,acetone,,,,
"Suberic acid (hexane-1,6-dicarboxylic acid)",505-48-6,acetone,,,,
Succinamic acid (succinic acid amide),638-32-4,acetone/water,,,,
Succinic acid,110-15-6,acetone,,,,
"Succinic anhydride (dihydro-2,5-furandione)",108-30-5,chloroform,,,,
"Succinimide (2,5-pyrrolidindione)",123-56-8,ethanol,,,,
"Succinonitrile (1,2-dicyanoethane)",110-61-2,acetone,,,,
"D(-)-Tartaric acid (2S,3S-threaric acid",147-71-7,hexane,,,,
Tetra-n-amylammonium bromide (tetra-n-pentylammonium bromide),866-97-7,petroleum_ether,,,,
Tetra-n-amylammonium iodide,2498-20-6,ethanol,,,,
Tetra-n-butylammonium hydrogen sulfate,32503-27-8,acetone,,,,
Tetra-n-butylammonium iodide,311-28-4,petroleum_ether/hexane,toluene/petroleum_ether,,,
Tetra-n-butylammonium perchlorate,1923-70-2,ethanol,,,,
Tetra-n-butylammonium picrate,914-45-4,ethanol,,,,
Tetra-n-butylammonium tetrabutylborate (Bu4N+ Bu4B-),23231-91-6,ethanol/ethyl_acetate,,,,
Tetra-n-butylammonium tetrafluoroborate,429-42-5,water,,,,
Tetracosanoic (lignoceric) acid,557-59-5,acetic_acid,,,,
Tetradecyl ether (di-tetradecyl ether),5412-98-6,methanol,,,,
Tetradecyltrimethylammonium bromide (myristyl trimethylammonium bromide),1119-97-7,acetone/water/acetone/ethanol,,,,
Tetraethylammonium iodide,68-05-3,acetone/methanol,,,,
"Tetraethylenepentamine (TEPA, tetrene)",112-57-2,ethanol,,,,
Tetra-n-heptylammonium iodide,3535-83-9,ethanol,,,,
Tetra-n-hexylammonium chloride,5922-92-9,ethanol,,,,
Tetrahexylammonium perchlorate,4656-81-9,acetone,,,,
Tetramethylammonium bromide,64-20-0,ethanol,acetone,,,
Tetramethylammonium chloride (TMA),75-57-0,ethanol,,,,
Tetramethylammonium iodide,75-58-1,acetone,,,,
Tetramethylammonium nitrate,1941-24-8,ethanol,,,,
Tetramethylammonium perchlorate,2537-36-2,water,,,,
Tetramethylammonium tetraphenylborate,15525-13-0,acetone,,,,
Tetramethylethylenediamine dihydrochloride,7677-21-8,ethanol/water,,,,
Tetra-n-propylammonium iodide,631-40-3,ethanol,,,,
Tetra-n-propylammonium perchlorate,15780-02-6,water/acetonitrile,,,,
Thioformamide,115-08-2,ethyl_acetate,,,,
"trans-Traumatic acid (2-dodecene-1,12-dioic acid)",6402-36-4,ethanol,,,,
Tribromochloromethane,594-15-0,ethanol,,,,
Tri-n-butylammonium nitrate,33850-87-2,acetone,,,,
Trichloroacetic acid (TCA),76-03-9,chloroform/cyclohexane,,,,
Tridecanoic acid,638-53-9,acetone,,,,
7-Tridecanone (dihexyl ketone),462-18-0,ethanol,,,,
Tri-n-dodecylamine (Hydrogen ionophore I),102-87-4,ethanol/water,,,,
Tri-n-dodecylammonium nitrate,2305-34-2,acetone,,,,
Tri-n-dodecylammonium perchlorate,5838-82-4,acetone,,,,
Triethanolamine hydrochloride,637-39-8,ethanol,,,,
Triethylamine,121-44-8,ethanol,,,,
Triethylammonium bromide,636-70-4,chloroform/ethanol,,,,
Triethylammonium trichloroacetate,4113-06-8,chloroform,,,,
Triethylenetetramine tetrahydrochloride (TRIEN HCl),4961-10-4,ethanol,,,,
"1,1,1-Trifluoro-2,4-pentanedione (α,α,α-trifluoroacetlyacetone, tfacac or facac)",367-57-7,water,ethanol,,,
Trimethylamine hydrochloride,593-81-7,chloroform,methanol,,,
Trimethylamine hydroiodide,20230-89-1,methanol,,,,
"Trimethylolpropane (1,1,1-tris-hydroxymethylpropane, 2-ethyl-2-hydroxymethyl-1,3-propanediol)",,acetone/diethyl_ether,,,,
Trimethylsulfonium iodide,2181-42-2,ethanol,,,,
Tri-n-octylammonium chloride,1188-95-0,diethyl_ether,,,,
Tris(2-aminoethyl)amine (TREN) C6H18N,4097-89-6,water,,,,
"1,1,1-Tris(hydroxymethyl)ethane (2-hydroxymethyl-2-methyl-1,3-propanediol)",77-85-0,acetone,,,,
"Tris(hydroxymethyl)methylamine (TRIS, tris(hydroxymethyl)aminomethane, Trizma, trometamol)",,ethanol/water,,,,
Tris(hydroxymethyl)methylammonium hydrochloride (TRIS-HCl),1185-53-1,ethanol/water,,,,
"Triuret (1,3-dicarbamoylurea, carbonyldiurea)",556-99-0,water,,,,
Urea (carbamide),57-13-6,methanol/ethanol,ethanol,,,
Urea nitrate,124-47-0,ethanol,,,,
n-Valeramide (pentanamide),626-97-1,ethanol,,,,
Vinyl stearate,111-63-7,acetone,,,,
2-Acetylcyclohexanone,874-23-7,ethanol,,,,
"2-Acetyl-5,5-dimethylcyclohexane-1,3-dione (2-acetyldimedone)",1755-15-3,acetic_acid,ethanol,,,
1-Adamantane acetic acid,4942-47-6,methanol,,,,
1-Adamantane carboxylic acid,828-51-3,cyclohexane,,,,
"1,3-Adamantane dicarboxylic acid",39269-10-8,methanol,,,,
1-Adamantanol (1-hydroxyadamantane),768-95-6,petroleum_ether,methanol,,,
2-Adamantanol (2-hydroxyadamantane),700-57-2,cyclohexane,,,,
N-(1-Adamantyl)acetamide,880-52-4,cyclohexane,,,,
1-Adamantyl bromomethylketone,5122-82-7,methanol,,,,
1-Adamantyl chloroformate,5854-52-4,petroleum_ether,,,,
1-Adamantyl fluoride (1-fluoroadamantane),768-92-3,methanol,petroleum_ether,,,
1-Adamantyl iodide (1-iodoadamantane),768-93-4,methanol,petroleum_ether,,,
1-Adamantyl isothiocyanate,4411-26-1,methanol,,,,
1-Adamantyl methyl ketone,1660-04-4,methanol,acetic_acid/ethanol/ethanol,,,
N-(1-Adamantyl)urea,13072-69-0,ethanol,,,,
"α-Amyrin (Urs-12-en-3β-ol, α-amyrenol, Viminalol)",638-95-9,petroleum_ether,acetone,,,
"ß-Amyrin (Olean-12-en-3β-ol, β-amyrenol)",508-04-3,petroleum_ether/ethanol,petroleum_ether,,,
"1,1'-Azobis(cyclohexane carbonitrile)",2094-98-6,ethanol,,,,
3-Bromoadamantane-1-carboxylic acid,21816-08-0,petroleum_ether,,,,
4-tert-Butyl-1-cyclohexanone,98-53-3,ethanol,,,,
RS-Camphorquinone,10373-78-1,petroleum_ether,,,,
"Cyclobutane-1,1-dicarboxylic acid",5445-51-2,diethyl_ether,,,,
"cis-Cyclobutane-1,2-dicarboxylic acid (meso-isomer)",1461-94-5,water/petroleum_ether,water,,,
(±)-Cyclobutyrol (α-ethyl-1-hydroxycyclohexaneacetic acid),512-16-3,petroleum_ether,methanol,,,
cis-Cyclodecene,935-31-9,methanol,,,,
"cis-Cyclohexane-1,2-dicarboxylic acid (cis-hexahydrophthalic acid)",610-09-3,ethanol/water,,,,
"trans-Cyclohexane-1,2-dicarboxylic anhydride (trans-hexahydrophthalic anhydride)",14166-21-3,diethyl_ether,,,,
"(±)-trans-1,2-Cyclohexanediol",1460-57-7,carbon_tetrachloride/ethyl_acetate,ethyl_acetate,acetone,petroleum_ether,
"cis-1,3-Cyclohexanediol (hexahydroresorcinol)",823-18-7,methanol,,,,
"cis-1,4-Cyclohexanediol (hexahydrohydroquinone)",931-71-5,acetone/acetone,acetone,petroleum_ether,methanol/acetone,
"Cyclohexane-1,2-dione",765-87-7,water,,,,
"Cyclohexane-1,4-dione",637-88-7,chloroform/petroleum_ether/diethyl_ether,methanol,,,
"cis,cis-1,3,5-Cyclohexane tricarboxylic acid",16526-68-4,diethyl_ether,toluene/ethanol/water,,,
Cyclohexanone,108-94-1,ethanol,,,,
Cyclopentanecarboxaldehyde,872-53-7,ethanol,,,,
"1,1-Cyclopentanediacetic acid (3.3-tetramethyleneglutaric acid)",16713-66-9,water,,,,
"Cyclopentane-1,1-dicarboxylic acid",5802-65-3,diethyl_ether,,,,
"1RS,2SR-(meso)-cis-1,2-Cyclopentanedicarboxylic acid",1461-96-7,methanol/diethyl_ether,diethyl_ether,water,,
"1RS,2RS-(±)-trans-1,2-Cyclopentanedicarboxylic acid",1461-97-8,ethanol,water,,,
"1,2-Cyclopentanedione",3008-40-0,water,,,,
Cyclotetradecanone,3603-99-4,ethanol,methanol,,,
1.3-Diaminoadamantane,10303-95-4,ethanol/diethyl_ether,,,,
"trans-1,4-Diaminocyclohexane",2615-25-0,petroleum_ether,,,,
Dicyclohexylamine (Cy2NH2),101-83-7,water/ethanol,,,,
"Dimedone (5,5-dimethylcyclohexane-1,3-dione, Methone)",126-81-8,acetone,,,,
N-Phenyl 2-oxocyclopentanecarboxamide,4874-65-1,ethanol,,,,
"(+)-α-Fenchol (1R-1,3,3-trimethylnorbornan-2-ol)",1632-73-1,petroleum_ether,,,,
"Gibberillic acid A3 (gibberillin A3, GA3)",77-06-5,ethyl_acetate,methanol,,,
"N-Hydroxy-5-norbornene-2,3-dicarboxylic acid imide",21715-90-2,ethyl_acetate,,,,
dl-Isoborneol,124-76-5,ethanol/petroleum_ether,,,,
1-Methyladamantane,768-91-2,ethanol,,,,
"Methylnorbornene-2,3-dicarboxylic anhydride (5-methylnorborn-5-ene-2-endo-3-endo-dicarboxylic anhydride)",25134-21-8,hexane,,,,
Picrotoxin (cocculin),124-87-8,water/acetone/water,,,,
"1R,3R,4R,5R-Quinic acid (1,3,4,5-tetrahydroxycyclohexane carboxylic acid)",77-95-2,water,ethanol,,,
"Reductic acid (1,2-dihydroxycyclopent-1,2-en-3-one)",80-72-8,ethanol,,,,
"cis,cis-1α,3α,5α-Trimethylcyclohexane-1,3,5-tricarboxylic acid (Kemp’s acid)",79410-20-1,acetone,,,,
Acenaphthene,83-32-9,ethanol,,,,
RS-1-Acenaphthenol,6306-07-6,acetic_acid,,,,
2-Acetamidophenol,614-80-2,water,,,,
p-Acetamidophenylacetic acid (Actarit),18699-02-0,methanol/acetone,water,,,
Acetoacetanilide,102-01-2,water,,,,
"4-Acetophenetidide (Phenacetin, p-methoxyacetanilide)",62-44-2,water/ethanol,,,,
Aceto-o-toluidide (2-methylacetanilide),120-66-1,water,,,,
1-Acetylanthracene,7396-21-6,ethyl_acetate,,,,
2-Acetylanthracene,10210-32-9,ethanol,ethyl_acetate,,,
9-Acetylanthracene,784-04-3,ethanol,ethyl_acetate,,,
2-Acetylbenzoic acid,577-56-0,water,,,,
Acetyl-5-bromosalicylic acid,1503-53-3,ethanol,,,,
2-Acetylfluorene,781-73-7,ethanol/acetone,,,,
5(3)-Acetyl-2(6)-methoxybenzaldehyde,531-99-7,water,ethanol,,,
1-Acetylnaphthalene (1-acetonaphthenone),941-98-0,ethanol,petroleum_ether,,,
Acetylsalicylic acid (Aspirin),50-78-2,isopropanol/petroleum_ether,ethanol,toluene,,
O-Acetylsalicyloyl chloride,5538-51-2,hexane,,,,
O-Acetylsalicylsalicylic acid (Salsalate acetate),530-75-6,acetic_acid/ethanol,,,,
"Alizarin (1,2-dihydroxyanthraquinone, Mordant Red 11)",72-48-0,ethanol/water,,,,
o-Aminoacetophenone (2-acetylaniline),551-93-9,ethanol/water,water,ethanol,,
m-Aminoacetophenone (3-acetylaniline),99-03-6,ethanol,diethyl_ether,,,
p-Aminoacetophenone (4-acetylaniline),99-92-3,chloroform,,,,
"ω-Aminoacetophenone hydrochloride (phenacylamine hydrochloride, 2-aminoacetophenone HCl)",,acetone/ethanol,,,,
1-Aminoanthraquinone-2-carboxylic acid,82-24-6,acetic_acid,,,,
"p-Aminoazobenzene (p-phenylazoaniline, Aniline yellow)",60-09-3,ethanol,,,,
"o-Aminoazotoluene (Fast Garnet GBC base, 4'-amino-2,3'dimethylazobenzene, Solvent yellow 3)",,ethanol,,,,
2-Aminobenzaldehyde,529-23-7,water/ethanol/diethyl_ether,acetone,,,
4-Aminobenzamide hydrochloride,59855-11-7,ethanol,,,,
"o-Aminobenzoic acid (2-AA, anthranilic acid)",118-92-3,water,methanol,ethanol,,
o-Aminobenzonitrile (o-cyanoaniline),1885-29-6,water,,,,
2-Aminobenzophenone (2-benzoylaniline),2835-77-0,water,carbon_tetrachloride,ethanol,,
2-Aminobiphenyl (o-aminobiphenyl),90-41-5,ethanol,,,,
5-Amino-2-bromobenzoic acid (3-Amino-6-bromobenzoic acid),2840-02-0,water,,,,
2-Amino-5-bromotoluene (4-bromo-2-methylaniline),583-75-5,ethanol,,,,
2-Amino-5-chlorobenzoic acid (5-chloroanthranilic acid),635-21-1,ethanol,acetone,,,
4-Amino-4'-chlorobiphenyl,135-68-2,petroleum_ether,ethanol,,,
"2-Amino-4,6-dichlorophenol",527-62-8,ethanol,,,,
"4-Amino-N,N-diethylaniline hydrochloride",16713-15-8,ethanol,,,,
2-Aminodiphenylamine (N-phenyl-o-phenylenediamine),534-85-0,water/ethanol,,,,
4-Aminodiphenylamine,101-54-2,ethanol,methanol,petroleum_ether,,
"2-Amino-1,2-diphenylethanol (1,2-diphenylethanolamine, four stereoisomers)",530-36-9,ethanol,,,,
2-Aminodiphenylmethane (2-benzylaniline),28059-64-5,diethyl_ether,,,,
1-Aminofluorene (1-fluorenamine),6344-63-0,ethanol,petroleum_ether,diethyl_ether/water,,
9-Aminofluorene (9-fluorenamine),525-03-1,petroleum_ether,,,,
3-Amino-4-hydroxytoluene (2-amino-p-cresol),95-84-1,water,,,,
5-Aminoindane,24425-40-9,petroleum_ether,,,,
2-Amino-5-iodotoluene,13194-68-8,ethanol/water,,,,
4-Aminomethylbenzenesulfonamide hydrochloride (Mafenide HCl),138-37-4,ethanol/water,,,,
1-Amino-4-nitronaphthalene,776-34-1,ethanol,acetone,,,
4-Aminophenylacetic acid,1197-55-3,ethanol,,,,
N-Aminophthalimide,1875-48-5,ethanol,water,,,
4-Aminopropiophenone (PAPP),70-69-9,ethanol,,,,
4-(2-Aminopropyl)phenol (Hydroxyamphetamine),103-86-6,ethanol,,,,
1-Aminopyrene,1606-67-3,hexane,,,,
"4-Aminosalicylic acid (PAS, p-aminosalicylic acid)",65-49-6,ethanol,,,,
Aniline,62-53-3,diethyl_ether,ethanol,ethanol/water,,
o-Anisidine (2-methoxyaniline),90-04-0,water,,,,
"2-p-Anisyl-1,3-indanone (anisindione, Unidone)",117-37-3,acetic_acid/ethanol,,,,
Anthracene,120-12-7,ethanol,ethanol/water,cyclohexane,,
Anthracene-9-carboxylic acid (anthroic acid),723-62-6,ethanol,petroleum_ether,,,
9-Anthraldehyde (anthracene-9-carboxaldehyde),642-31-9,acetic_acid/ethanol,,,,
"Anthranol (enol tautomer of anthone, see below)",529-86-2,petroleum_ether,,,,
Anthraquinone,84-65-1,chloroform,,,,
"Anthrarufin (1,5-dihydroxy-9,10-anthraquinone)",117-12-4,acetone,,,,
"1,8,9-Anthratriol (1,9,8-trihydroxyanthracene)",480-22-8,petroleum_ether,,,,
Azobenzene,103-33-3,ethanol/hexane,,,,
"p,p'-Azoxyanisole (4,4'-dimethoxyazoxybenzene)",1562-94-3,ethanol/water,,,,
Azoxybenzene (Fenazox),495-48-7,ethanol/methanol,toluene/ethanol,,,
Azulene,275-51-4,ethanol,,,,
Benzalacetone (trans-4-phenyl-3-buten-2-one),122-57-6,petroleum_ether,,,,
Benzalacetophenone (Chalcone),94-41-7,methanol,hexane,,,
Benzanilide,93-98-1,petroleum_ether,ethanol,,,
Benzanthrone,82-05-3,ethanol/xylene,,,,
1-Benzeneazo-2-naphthol (Sudan I),842-07-9,ethanol,,,,
"1,2-Benzenedimethanol (1,2-bishydroxymethylbenzene, phthalyl alcohol)",612-14-6,petroleum_ether,,,,
"Benzene-1,2,4,5-tetracarboxylic dianhydride (Pyromellitic dianhydride)",89-32-7,dioxane,,,,
"1,2,4-Benzenetriol (hydroxyhydroquinone)",533-73-3,diethyl_ether/diethyl_ether/ethanol,,,,
Benzhydrol (diphenylmethanol),91-01-0,water/petroleum_ether,carbon_tetrachloride,methanol,,
"Benzidine (4,4'-diaminobiphenyl)",92-87-5,ethanol,,,,
"Benzil (dibenzoyl, diphenylethanedione)",134-81-6,carbon_tetrachloride,ethanol,,,
Benzoic acid,65-85-0,ethanol,,,,
R-(-)-Benzoin,5928-66-5,ethanol,,,,
Benzophenone (diphenylketone),119-61-9,methanol,,,,
"Benzopinacol (1,1,2,2-tetraphenyl-1,2-ethanediol)",464-72-2,ethanol,,,,
p-Benzoquinone,106-51-4,petroleum_ether,,,,
"Benzoylacetone (1-phenyl-1,3-butanedione)",93-91-4,diethyl_ether/methanol,,,,
2-Benzoylbenzoic acid,85-52-9,cyclohexane,ethanol,,,
Benzoyl disulfide (dibenzoyl disulfide),644-32-6,ethyl_acetate,,,,
Benzoylformic acid (phenylglyoxylic acid),611-73-4,ethanol,petroleum_ether,,,
Benzoyl isothiocyanate,532-55-8,ethanol,,,,
Benzoyl peroxide,94-36-0,methanol/water,,,,
p-Benzoylphenol (4-hydroxybenzophenone),1137-42-4,ethanol/water,,,,
4'-Benzylacetophenone,782-92-3,ethanol,water,,,
Benzyl carbamate,621-84-1,toluene,,,,
Benzyl cinnamate,103-41-3,ethanol/water,,,,
Benzyldimethyloctadecylammonium chloride,122-19-0,acetone,,,,
O-Benzylhydroxylamine hydrochloride,2687-43-6,water/ethanol,,,,
N-Benzylideneaniline,538-51-2,ethanol/water,,,,
Benzyl isothiocyanate (Benzyl mustard oil),622-78-6,ethanol,,,,
Benzylmalonic acid (β-phenylisosuccinic acid),616-75-1,petroleum_ether,,,,
Benzyl 4-nitrophenyl carbonate,13795-24-9,petroleum_ether,,,,
2-Benzyloxybenzoic acid (salicylic acid benzyl ether),14389-86-7,ethanol,ethanol/water,,,
p-(Benzyloxy)phenol (monobenzone),103-16-2,ethanol/water,,,,
2-Benzylphenol (α-phenyl-o-cresol),28994-41-4,ethanol,,,,
4-N-Benzylsulfanilamide (Septazen),1709-54-2,dioxane/water,,,,
Benzylthiocyanate (benzyl rhodanide),3012-37-1,ethanol,,,,
Benzyl toluene-p-sulfonate,1024-41-5,petroleum_ether,,,,
Benzyltributylammonium bromide,25316-59-0,ethyl_acetate/ethanol/ethanol/diethyl_ether,,,,
"Bibenzyl (1,2-diphenylethane, dibenzyl)",103-29-7,hexane,,,,
Biphenyl (diphenyl),92-52-4,ethanol,,,,
4-Biphenylcarbonyl chloride,14002-51-8,petroleum_ether,,,,
Biphenyl-2-carboxylic (2-phenylbenzoic) acid,947-84-2,petroleum_ether,,,,
"Biphenyl-4,4’-dicarboxylic acid",787-70-2,methanol,,,,
(±)−α-(4-Biphenylyl)butyric acid,959-10-4,methanol,,,,
Bis-(p-bromophenyl) ether,53563-56-7,ethanol,,,,
"N,N-Bis-(2-chloroethyl) 2-naphthylamine (chlornaphthazine)",494-03-1,petroleum_ether,,,,
"1,4-Bis-(chloromethyl)durene (1,4-bischloromethyl-2,3,5,6-tetramethylbenzene)",3022-16-0,petroleum_ether,,,,
"2,2-Bis-(p-chlorophenyl)-1,1-dichloroethane (p,p'-DDD)",72-54-8,ethanol,,,,
"2,2-Bis-(p-chlorophenyl)-1,1-dichloroethylene (p,p'-DDE)",72-55-9,methanol/ethanol,,,,
"2,2-Bis-(4-chlorophenyl)-1,1,1-trichloroethane (p,p'-DDT, 1,1,1-trichloro-2,2-bis(p-chlorophenyl)ethane)",50-29-3,ethanol/water,,,,
"4,4'-Bis-(diethylamino)benzophenone",90-93-7,ethanol,,,,
"The (±)-dibenzoyl derivative has m 123-124o. Hexesterol 4,4’-diphosphoric acid ester (Cytostatin)",26614-22-2,diethyl_ether/petroleum_ether,,,,
Bis-(1-naphthylmethyl)amine,5798-49-2,petroleum_ether,,,,
Bis-(4-nitrophenyl) carbonate,5070-13-3,toluene,,,,
Bis-(4-nitrophenyl) ether,101-63-3,petroleum_ether,,,,
Bis-(trifluoroacetoxy)iodobenzene (BTI),2712-78-9,acetone/petroleum_ether,,,,
"Brilliant Green (4-dimethylaminotriphenyl carbinol, Emerald Green, Malachite Green G)",633-03-4,ethanol,,,,
4-Bromoacetanilide,103-88-8,ethanol,,,,
4-Bromoacetophenone,99-90-1,ethanol,petroleum_ether,,,
ω−Bromoacetophenone (phenacyl bromide),70-11-1,ethanol,,,,
4-Bromoaniline,106-40-1,ethanol/diethyl_ether,,,,
9-Bromoanthracene,1564-64-3,methanol/ethanol,,,,
4-Bromobenzal diacetate,55605-27-1,ethanol,,,,
2-Bromobenzonitrile,2042-37-7,water,,,,
2-Bromobenzoic acid (o-bromobenzoic acid),88-65-3,methanol,acetone,ethanol,diethyl_ether/methanol,
4-Bromobenzophenone,90-90-4,ethanol,dioxane/ethanol,,,
4-Bromobenzoyl acetonitrile,4592-94-3,ethanol,,,,
4-Bromobenzoyl chloride,586-75-4,petroleum_ether,,,,
4-Bromobenzyl bromide,589-15-1,ethanol,benzene,,,
4-Bromo-4'-chlorobenzophenone,27428-57-5,ethanol,,,,
N-(2-Bromoethyl)phthalimide,574-98-1,water,,,,
3-Bromo-5-hydroxybenzoic acid,140472-69-1,water,,,,
2-Bromomethylanthraquinone (MAQ-Br),7598-10-9,acetic_acid,,,,
2-(Bromomethyl)benzonitrile,22115-41-9,petroleum_ether/cyclohexane,,,,
2-(Bromomethyl)-naphthalene,939-26-4,ethanol,,,,
1-Bromonaphthalene,90-11-9,ethanol,,,,
1-Bromo-2-naphthol,573-97-7,ethanol/petroleum_ether,,,,
ω-Bromo-4-nitroacetophenone,99-81-0,petroleum_ether,,,,
2-Bromonitrobenzene (2-bromo-1-nitrobenzene),577-19-5,petroleum_ether,,,,
4-Bromonitrobenzene (4-bromo-1-nitrobenzene),586-78-7,petroleum_ether,ethanol,,,
2-Bromophenol,95-56-7,chloroform,,,,
4-Bromophenoxy)acetic acid,1878-91-7,ethanol,,,,
3-(4-Bromophenoxy)propionic acid,93670-18-9,ethanol,,,,
4-Bromophenylacetic acid,1878-68-8,ethanol,,,,
4-Bromophenylhydrazine,589-21-9,ethanol/water,water,,,
4-Bromophenyl isocyanate,2493-02-9,petroleum_ether,,,,
N-(3-Bromopropyl)phthalimide,5460-29-7,ethanol,,,,
5-Bromosalicyl hydroxamic acid,5798-94-7,water,,,,
α-Bromo-p-xylene (4-methylbenzyl bromide),104-81-4,ethanol,,,,
2-tert-Butoxycarbonyloxyimino-2-phenylacetonitrile (BOC-ON),58632-95-4,methanol,,,,
4-Butoxyphenylacetic acid,4547-57-3,petroleum_ether,,,,
n-Butyl 4-aminobenzoate (Butamben),94-25-7,ethanol,,,,
2-tert-Butylanthracene,13719-97-6,ethanol,,,,
4-tert-Butylcatechol,98-29-3,petroleum_ether,,,,
6-tert-Butyl-1-chloro-2-naphthol,525-27-9,petroleum_ether,ethanol,,,
2-tert-Butyl hydroquinone,1948-33-0,water/methanol,,,,
"2-tert-Butyl-4-methoxyphenol (2-tert-butyl-4-hydroxyanisole, BHA)",121-00-6,petroleum_ether,,,,
4-tert-Butylnitrobenzene,3282-56-2,methanol,,,,
tert-Butyl perphthalic acid (monoperoxyphthalic acid 1-tert-butyl ester),15042-77-0,diethyl_ether/diethyl_ether/petroleum_ether,,,,
4-tert-Butylphenol,98-54-4,petroleum_ether,,,,
4-tert-Butylphenoxyacetic acid,1798-04-5,petroleum_ether/petroleum_ether,,,,
N-tert-Butyl α-phenyl nitrone (PBN),3376-24-7,hexane,,,,
"Caffeic acid (3,4-dihydroxycinnamic acid)",331-39-5,water,,,,
N-Carboethoxyphthalimide (N-ethoxycarbonylphthalimide),22509-74-6,toluene/petroleum_ether,,,,
"3-Carboxybenzaldehyde (3-formylbenzoic acid, isophthalaldehydic acid)",619-21-6,water,,,,
"4-Carboxybenzaldehyde (4-formylbenzoic acid, terephthalaldehydic acid)",619-66-9,water,,,,
"Catechol (1,2-dihydroxybenzene, pyrocatechol)",120-80-9,toluene,,,,
"p-Chloranil (2,3,5,6-tetrachloro-1,4-benzoquinone)",118-75-2,acetic_acid,,,,
4-Chloroacetanilide,539-03-7,ethanol,,,,
ω-Chloroacetophenone (phenacyl chloride),532-27-4,methanol,,,,
o-Chloroaniline,95-51-2,ethanol,methanol,,,
1-Chloroanthracene,4985-70-0,ethanol,acetic_acid,,,
10-Chloro-9-anthraldehyde,10527-16-9,ethanol,,,,
2-Chlorobenzaldehyde,89-98-5,petroleum_ether,ethanol,,,
2-Chlorobenzoic acid,118-91-2,diethyl_ether/hexane,ethanol,water,,
2-Chlorobenzonitrile,873-32-5,petroleum_ether,,,,
4-Chlorobenzophenone,134-85-0,ethanol,,,,
trans-4-Chlorocinnamic acid,1615-02-7,ethanol,,,,
"4-Chloro-3,5-dimethylphenol",88-04-0,toluene,,,,
"1-Chloro-2,4-dinitrobenzene",97-00-7,ethanol/methanol,diethyl_ether,,,
"4-Chloro-3,5-dinitrobenzoic acid",118-97-8,ethanol/water,,,,
"Chlorohydroquinone (2-chloro-1,4-dihydroxybenzene)",615-67-8,chloroform/toluene,,,,
1-Chloro-4-iodobenzene,637-87-6,ethanol,,,,
"5-Chloro-2-methoxyaniline (2-amino-4-chloroanisole, 5-chloro-o-anisidine)",95-03-4,water/water,water,,,
3-Chloro-4-methoxyphenethylamine,7569-87-1,ethanol,,,,
9-Chloromethyl anthracene,24463-19-2,hexane,,,,
4-Chloro-2-methylphenol,1570-64-5,petroleum_ether,,,,
4-Chloro-3-methylphenol,59-50-7,petroleum_ether,,,,
N-(Chloromethyl)phthalimide,17564-64-6,ethyl_acetate/carbon_tetrachloride,,,,
1-Chloronaphthalene,90-13-1,ethanol,ethanol/water,,,
1-Chloro-2-naphthol,633-99-8,petroleum_ether,ethanol/chloroform,,,
2-Chloro-4-nitrobenzamide (Aklomix),3011-89-0,ethanol,,,,
2-Chloro-1-nitrobenzene (o-chloronitrobenzene),88-73-3,ethanol,methanol/ethanol/water,ethanol/water,,
3-Chloroperbenzoic acid (MCPBA),937-14-4,diethyl_ether,,,,
3-Chlorophenol,108-43-0,petroleum_ether,,,,
Chlorophenol,106-48-9,petroleum_ether/hexane,,,,
4-Chlorophenoxyacetic acid (4-PCA),122-88-3,ethanol,,,,
(±)-α-4-Chlorophenoxypropionic acid,3307-39-9,ethanol,,,,
β-4-Chlorophenoxypropionic acid,3284-79-5,ethanol,,,,
3-Chlorophenylacetic acid,1878-65-5,ethanol,water,,,
4-Chloro-1-phenylbutan-1-one (γ-chlorobutyrophenone),939-52-6,petroleum_ether,,,,
"3-(4-Chlorophenyl)-1,1-dimethylurea (Monuron, CMU)",150-68-5,methanol,,,,
4-Chlorophenyl isocyanate,104-12-1,petroleum_ether,,,,
4-Chlorophenyl 2-nitrobenzyl ether,109669-56-9,ethanol,,,,
"Chrysene (1,2-benzanthracene)",218-01-9,petroleum_ether,,,,
"Chrysoidine G (4-phenylazo-1,3-benzenediamine monohydrochloride, CI 11270, basic orange 2)",532-82-1,water,,,,
N-Cinnamoyl-N-phenylhydroxylamine,7369-44-0,ethanol,,,,
Coronene,191-07-1,toluene,,,,
o-Cresol,95-48-7,ethanol,petroleum_ether,hexane,,
o-Cresotic acid (3-methylsalicylic acid),83-40-9,water,,,,
4-Cyanobenzoic acid,619-65-8,petroleum_ether,,,,
p-Cyanophenol (p-hydroxybenzonitrile),767-00-0,petroleum_ether,,,,
"(±)-Desyl bromide (α-bromo-desoxybenzoin, ω-bromo-ω−phenyl acetophenone)",484-50-0,ethanol/water,petroleum_ether,,,
"1,2-Diacetyl benzene",704-00-7,petroleum_ether,ethanol,methanol,,
"1,4-Diaminoanthraquinone",128-95-0,ethanol,,,,
"3,3'-Diaminobenzidine",91-95-2,water/ethanol,,,,
"3,4-Diaminobenzoic acid",619-05-6,diethyl_ether,water/toluene,,,
"3,4-Diaminobenzophenone (4-benzoyl-o-phenylenediamine)",39070-63-8,ethanol,petroleum_ether,,,
"1,2-Diamino-4,5-dichlorobenzene",5348-42-5,diethyl_ether/petroleum_ether,hexane,,,
"4,4'-Diaminodiphenyl ether (4,4'-oxydianiline, DADPE)",101-80-4,methanol,,,,
"2,7-Diaminofluorene",524-64-4,water,,,,
"1,4-Diaminonaphthalene",2243-61-0,water,,,,
"Diazoaminobenzene (1,3-diphenyltriazene)",136-36-6,petroleum_ether,,,,
"trans-1,2-Dibenzoylethylene (trans-1,4-diphenyl-2-butane-1,4-dione)",959-28-4,methanol,acetic_acid,,,
"Dibenzoylmethane (1,3-diphenyl-1,3-propanedione)",120-46-7,diethyl_ether,petroleum_ether/methanol,,,
"Dibenzyl ketone (1,3-diphenyl-2-propanone)",102-04-5,petroleum_ether,,,,
"9,10-Dibromoanthracene",523-27-3,toluene,,,,
"1,4-Dibromobenzene",106-37-6,ethanol/methanol,,,,
"2,5-Dibromobenzoic acid",610-71-9,hexane,ethanol,,,
"4,4'-Dibromobiphenyl",92-86-4,methanol,,,,
"α,α-Dibromodeoxybenzoin (α,α-dibromobenzyl phenyl ketone)",15023-99-1,acetic_acid,,,,
"2,5-Dibromonitrobenzene",3460-18-2,acetone/ethanol,,,,
"2,4-Dibromophenol",615-58-7,chloroform,,,,
"α,α'-Dibromo-o-xylene",91-13-4,chloroform/petroleum_ether,acetone,ethanol,,
p-Di-tert-butylbenzene,1012-72-2,diethyl_ether/ethanol,,,,
"2,6-Di-tert-butyl-1,4-benzoquinone",719-22-2,methanol,methanol/petroleum_ether,,,
"3,5-Di-tert-butyl catechol",1020-31-1,petroleum_ether,,,,
"2,6-Di-tert-butyl-p-cresol (2,6-di-tert-butyl-4-methylphenol, butylatedhydroxytoluene, BHT or DBPC)",128-37-0,ethanol,,,,
Di-tert-butyldiperphthalate,2155-71-7,diethyl_ether/petroleum_ether,,,,
"2,5-Di-tert-butylhydroquinone",88-58-4,acetic_acid,,,,
"2,4-Dichloroaniline",554-00-7,ethanol,methanol,,,
"9,10-Dichloroanthracene",605-48-1,methanol,,,,
"2,4-Dichlorobenzaldehyde",874-42-0,ethanol/petroleum_ether,ethanol/water/petroleum_ether,,,
"1,2-Dichlorobenzene (ODCB)",95-50-1,ethanol/methanol,,,,
"2,2'-Dichlorobenzidine",84-68-4,ethanol/water,ethanol,,,
"2,3-Dichlorobenzoic acid",50-45-3,water,ethanol,acetic_acid,,
"2,6-Dichlorobenzonitrile (Diclobenil)",1194-65-6,acetone/petroleum_ether,,,,
"4,4'-Dichlorobenzophenone (4,4’-DBP)",90-98-2,methanol,,,,
"2,5-Dichloro-1,4-benzoquinone",615-93-0,ethanol,petroleum_ether,,,
"2,4-Dichlorobenzyl alcohol (Dybenal)",1777-82-9,ethanol,,,,
"2,3-Dichloro-5,6-dicyano-p-benzoquinone (DDQ)",84-58-2,chloroform,,,,
"2,4-Dichloro-6-methylphenol (2,4-dichloro-o-cresol)",1570-65-6,diethyl_ether,,,,
"2,4-Dichloro-1-naphthol",2050-76-2,methanol,,,,
"2,3-Dichloro-1,4-naphthoquinone (Dichlone, Phygon)",117-80-6,ethanol,,,,
"2,5-Dichloro-4-nitroaniline",6627-34-5,ethanol,,,,
"2,4-Dichloro-6-nitrophenol",609-89-2,acetic_acid,ethanol,,,
"2,3-Dichlorophenol",576-24-9,petroleum_ether,diethyl_ether,,,
"2,4-Dichlorophenoxyacetic acid (2,4-D)",94-75-7,methanol,,,,
"(±)−α-(2,4-Dichlorophenoxy)propionic acid (2,4-DP, Dichloroprop)",120-36-5,methanol,,,,
"2,4-Dichlorophenylacetic acid",19719-28-9,ethanol,,,,
"2,4-Dichlorotoluene",95-73-8,ethanol,,,,
"2,6-Dichlorotoluene",118-69-4,ethanol,,,,
Dicumyl peroxide,80-43-3,ethanol/water,,,,
"1,4-Dicyanobenzene (terephthalonitrile)",623-26-7,ethanol/acetic_acid,,,,
"1,4-Dicyanonaphthalene",3029-30-9,ethanol,,,,
"Diethyl terephthalate (diethyl 1,4-benzenedicarboxylic acid)",636-09-0,toluene,,,,
"9,10-Dihydroanthracene",613-31-0,ethanol,,,,
"1,4-Dihydro-1,4-epoxynaphthalene",573-57-9,petroleum_ether,,,,
"1,8-Dihydroxyanthraquinone (Danthrone, Chrysazine)",117-10-2,ethanol,,,,
"2,4- Dihydroxyazobenzene (Sudan orange G)",2051-85-6,ethanol,,,,
"2,4-Dihydroxybenzophenone (DHB, benzoresorcinol)",131-56-6,methanol/water,,,,
"4,4’-Dihydroxybenzophenone",611-99-4,water,,,,
"2,5-Dihydroxybenzyl alcohol (Gentisyl alcohol)",495-08-9,petroleum_ether,,,,
"1,8-Dihydroxy-3-methylanthraquinone (chrysophanic acid)",481-74-3,ethanol,methanol,,,
"1,3-Dihydroxynaphthalene (naphthoresorcinol)",132-86-5,water,,,,
"1,5-Dihydroxynaphthalene (1,5-naphthalenediol)",83-56-7,petroleum_ether,water,,,
"1,6-Dihydroxynaphthalene",575-44-0,ethanol,,,,
"1,7-Dihydroxynaphthalene",575-38-2,hexane,,,,
"1,8-Dihydroxynaphthalene",569-42-6,diethyl_ether,water,,,
"2,6-Dihydroxynaphthalene",581-43-1,water,ethanol/water,ethanol,,
"2,7-Dihydroxynaphthalene",582-17-2,ethanol,,,,
2-Hydroxy-7methoxy-naphthalene,5060-82-2,methanol,,,,
"2,5-Dihydroxyphenylacetic acid (homogentisic acid)",451-13-8,ethanol/chloroform,,,,
"1,4-Diiodobenzene",624-38-4,ethanol/methanol,ethanol/acetone,,,
"3,5-Dimethoxybenzaldehyde",7311-34-4,hexane,,,,
"1,2-Dimethoxybenzene (veratrole)",91-16-7,hexane,methanol/ethanol,,,
"& Yates Organic Process Research & Development 12 120 2008, DOI: 10.1021/op7001547.] 2,6Dimethoxybenzoic acid",1466-76-8,diethyl_ether,,,,
"2,6-Dimethoxy-1,4-benzoquinone (DMBQ)",530-55-2,water/acetic_acid,,,,
"5,6-Dimethoxy-1-indanone",2107-69-9,methanol,,,,
"1,4-Dimethoxynaphthalene",10075-62-4,ethanol,,,,
"3,4-Dimethoxyphenyl acetic acid (homoveratric acid)",93-40-3,water/petroleum_ether,,,,
"3,5-Dimethoxyphenylacetonitrile",13388-75-5,methanol/petroleum_ether,,,,
"4,4'-Dimethoxytrityl chloride (DMT)",40615-36-9,cyclohexane,diethyl_ether,,,
"4-Dimethylaminoazobenzene (DAB, Dimethyl Yellow, Butter yellow)",60-11-7,acetic_acid,ethanol,,,
"4-Dimethylaminobenzaldehyde (Ehrlich's Reagent, DMAB)",100-10-7,ethanol,,,,
4-Dimethylaminobenzoic acid,619-84-1,water/ethanol,,,,
4-Dimethylaminobenzophenone,530-44-9,ethanol,,,,
4-Dimethylamino cinnamaldehyde,6203-18-5,ethanol/petroleum_ether,,,,
4-Dimethylamino trans-cinnamic acid,1552-96-1,ethanol,water,,,
"N,N-Dimethylaniline",121-69-7,acetone/ethanol,water,,,
"9,10-Dimethylanthracene",781-43-1,ethanol,,,,
"2,3-Dimethylbenzoic acid",603-79-2,ethanol,ethanol/water,,,
"3,4-Dimethylbenzoic acid",619-04-5,ethanol,,,,
"2,5-Dimethyl-1,4-benzoquinone",137-18-8,ethanol,,,,
"1,5-Dimethylnaphthalene",571-61-9,water,ethanol,,,
"3,3'-Dimethylnaphthidine (4,4'-diamino-3,3'-dimethyl-1,1'-binaphthyl)",13138-48-2,ethanol/petroleum_ether,,,,
"N,N-Dimethyl-3-nitroaniline",619-31-8,ethanol,,,,
"N,N-Dimethyl-p-nitrosoaniline (4-nitroso-N,N-dimethylaniline)",138-89-6,petroleum_ether/chloroform/carbon_tetrachloride,,,,
"2,3-Dimethylphenol",526-75-0,ethanol/diethyl_ether,hexane,,,
"*N-(2,6-Dimethylphenyl)formamide",607-92-1,ethanol,,,,
"2,4-Dimethylresorcinol",634-65-1,petroleum_ether,,,,
"2,4-Dinitroaniline",97-02-9,ethanol/acetone,,,,
"2,6-Dinitroaniline (DNAN)",606-22-4,ethanol,,,,
"2,4-Dinitroanisole",119-27-7,ethanol,,,,
"1,2-Dinitrobenzene",528-29-0,ethanol,water,methanol,,
"1,4-Dinitrobenzene",100-25-4,ethanol/ethyl_acetate,,,,
"2,4-Dinitrobenzoic acid",610-30-3,water,,,,
"3,5-Dinitrobenzoic acid",99-34-3,carbon_tetrachloride/petroleum_ether,,,,
"2,2'-Dinitrobiphenyl",2436-96-6,ethanol,,,,
"2,6-Dinitro-p-cresol (2,6-dinitro-4-methylphenol)",609-93-8,ethanol,,,,
"2,4-Dinitrofluorobenzene (FDNB, 1-fluoro-2,4-dinitrobenzene, Sanger's reagent)",70-34-8,diethyl_ether/ethanol,,,,
"2,4-Dinitrophenol",51-28-5,carbon_tetrachloride,,,,
"2,5-Dinitrophenol",329-71-5,water,,,,
"2,6-Dinitrophenol",573-56-8,water,,,,
"3,4-Dinitrophenol",577-71-9,water,,,,
"3,5-Dinitrophenol",586-11-8,chloroform/petroleum_ether,,,,
"2,4-Dinitrophenylacetic acid",643-43-6,water,,,,
"3,5-Dinitrosalicylic acid",609-99-4,water,,,,
"2,6-Dinitrothymol",303-21-9,petroleum_ether,,,,
"2,3-Dinitrotoluene",602-01-7,water/petroleum_ether,,,,
"2,4-Dinitrotoluene",121-14-2,acetone,,,,
"2,6-Dinitrotoluene",606-20-2,acetone,,,,
"3,4-Dinitrotoluene",610-39-9,petroleum_ether,,,,
"3,5-Dinitro-o-toluic acid",28169-46-2,water,ethanol,,,
"2,4-Dinitro-m-xylene",603-02-1,ethanol,,,,
"4,4'-Di-n-pentyloxyazoxybenzene",64242-26-8,acetone,,,,
"Diphenic acid (diphenyl-2,2’-dicarboxylic acid)",482-05-3,ethanol,,,,
"N,N-Diphenylacetamidine",621-09-0,ethanol,,,,
Diphenylacetonitrile,86-29-3,ethanol/petroleum_ether,,,,
Diphenylacetylene (tolan),501-65-5,ethanol,,,,
Diphenylamine,122-39-4,petroleum_ether,,,,
"Diphenylamine-2,2'-dicarboxylic acid (2,2'-iminodibenzoic acid)",579-92-0,ethanol,,,,
"9,10-Diphenylanthracene",1499-10-1,acetic_acid,,,,
"N,N'-Diphenylbenzidine",531-91-9,toluene,hexane,,,
"1,5-Diphenylcarbazone (phenyldiazinecarboxylic acid 2-phenylhydrazide)",538-62-5,ethanol,,,,
Diphenyl carbonate (phenyl carbonate),102-09-0,ethanol,,,,
Diphenylcyclopropenone (Diphencyprone),886-38-4,cyclohexane,,,,
"1,1-Diphenylethanol (α-methylbenzhydrol)",599-67-7,petroleum_ether,,,,
"1,3-Diphenylguanidine",102-06-7,toluene,,,,
"1,6-Diphenyl-1,3,5-hexatriene (DPH, dicinnamyl)",1720-32-7,chloroform/ethanol/chloroform,,,,
Diphenylmethane,101-81-5,ethanol,,,,
"1,1-Diphenylmethylamine (benzhydrylamine, aminodiphenylmethane)",91-00-9,water,,,,
"all-trans-1,8-Diphenyl-1,3,5,7-octatetraene",3029-40-1,ethanol/chloroform/methanol,,,,
"N,N'-Diphenyl-p-phenylenediamine",74-31-7,ethanol,,,,
"1,1-Diphenyl-2-picrylhydrazine",1707-75-1,chloroform,,,,
"2,2-Diphenylpropionic acid",5558-66-7,ethanol,,,,
"1,1-Diphenylurea",603-54-3,methanol,,,,
Di-p-tolyl carbonate,621-02-3,ethanol,,,,
"Di-p-tolylphenylamine (4,4’-dimethyltriphenylamine)",20440-95-3,ethyl_acetate,,,,
Duroquinone (tetramethylbenzoquinone),527-17-3,ethanol/water,ethanol,,,
2-Ethoxynaphthalene,93-18-5,petroleum_ether/ethanol,ethanol,,,
Ethyl p-aminobenzoate (Benzocaine),94-09-7,ethanol/water/ethanol,,,,
p-Ethylaniline,589-16-2,petroleum_ether,,,,
Ethyl p-nitrobenzoate,99-77-4,ethanol,,,,
"Eugenol methyl ether (4-allyl-1,2-dimethoxybenzene)",93-15-2,hexane,,,,
Fluorene,86-73-7,hexane,ethanol/water,ethanol,,
"Fluorene-2,7-diamine",525-64-4,water,,,,
9-Fluorenone,486-25-9,petroleum_ether/methanol,toluene,xylene,,
9-Fluorenylmethyl succinimidyl carbonate,82911-69-1,chloroform/diethyl_ether,petroleum_ether,,,
2-Fluorobenzoic acid,445-29-4,water,,,,
3-Fluorobenzoic acid,445-38-9,water,,,,
4-Fluorobenzoic acid,456-22-4,water,,,,
2-Fluoro-4-nitroaniline,369-35-7,ethanol,,,,
1-Fluoro-4-nitrobenzene,350-46-9,ethanol,,,,
4-Fluorophenoxyacetic acid,405-79-8,ethanol/water,,,,
4-Fluorophenylacetic acid,405-50-5,chloroform,,,,
4-Fluorophenyl 2-nitrobenzyl ether,448-37-3,ethanol,,,,
Guaiacol (2-methoxyphenol),90-05-1,petroleum_ether,ethanol,,,
"Guaiazulene (1,4-dimethyl-7-isopropylazulene, see also Chamazulene above)",489-84-9,ethanol,,,,
Hexadecyl 3-hydroxynaphthalene-2-carboxylate,531-84-0,ethanol,,,,
Hexamethylbenzene,87-85-4,ethanol,,,,
Homophthalic acid,89-51-0,ethanol/methanol,water,,,
"dl-Hydrobenzoin (1,2-diphenyl-1,2-ethanediol, iso-hydrobenzoin)",492-70-6,diethyl_ether/petroleum_ether,,,,
meso-Hydrobenzoin,579-43-1,ethanol,,,,
"Hydroquinone (1,4-dihydroxybenzene, quinol)",123-31-9,acetone,,,,
3-Hydroxyanthranilic acid (2-amino-3-hydroxybenzoic acid),548-93-6,water/ethanol,,,,
3-Hydroxybenzyl alcohol,620-24-6,chloroform,,,,
4-Hydroxybenzyl alcohol (gastrodigenine),623-05-2,water,,,,
trans-4-Hydroxycinnamic acid (p-coumaric acid),501-98-4,water,,,,
4-Hydroxydiphenylamine,122-37-2,petroleum_ether,,,,
4-Hydroxyindane,1641-41-1,petroleum_ether,,,,
4-Hydroxy-2-methylazobenzene (3-methyl-4-phenylazophenol),1435-88-7,hexane,,,,
4-Hydroxy-3-methylazobenzene (2-methyl-4-phenylazophenol),621-66-9,hexane/petroleum_ether,,,,
3-Hydroxy-4-methylbenzaldehyde,57295-30-4,diethyl_ether,,,,
2-Hydroxy-1-naphthaleneacetic acid,10441-45-9,ethanol,,,,
3-Hydroxy-2-naphthalide (Naphthol AS),92-77-3,xylene,,,,
"5-Hydroxy-1,4-naphthoquinone (Juglone)",481-39-0,petroleum_ether,,,,
2-Hydroxy-5-nitrobenzyl bromide (Koshland’s reagent),772-33-8,petroleum_ether,,,,
2-Hydroxyphenylacetic acid,614-75-5,diethyl_ether,,,,
3-Hydroxyphenylacetic acid,621-37-4,petroleum_ether/ethyl_acetate/cyclohexane,,,,
R(+)-2-Hydroxy-3-phenylpropionic acid (3-phenyl lactic acid),7326-19-4,chloroform,,,,
3-p-Hydroxyphenylpropionic acid (phloretic acid),501-97-3,diethyl_ether/water,,,,
4-Hydroxyphenylpyruvic acid,156-39-8,diethyl_ether,,,,
6-Hydroxy-1-tetralone,3470-50-6,water/water,ethanol,,,
9-Hydroxytriptycene,73597-16-7,petroleum_ether,,,,
"1,3-Indandione",606-23-5,ethanol,,,,
Indene,95-13-6,petroleum_ether,ethanol,,,
4-Iodobiphenyl,1591-31-7,ethanol,,,,
"1-Iodo-2,4-dinitrobenzene",709-49-9,ethyl_acetate,,,,
1-Iodo-4-nitrobenzene,636-98-6,ethanol,,,,
2-Iodophenol,533-58-4,chloroform,,,,
4-Iodophenol,540-38-5,petroleum_ether,,,,
2-Iodosobenzoic acid,304-91-6,ethanol,,,,
Isovanillin (3-hydroxy-4-methoxybenzaldehyde),621-59-0,water,,,,
"Ketone moschus (4-tert-butyl-2,6-dimethyl-3,5-dinitroacetophenone, Musk ketone)",81-14-1,methanol,,,,
Leucomalachite Green C23H26N2,129-73-7,ethanol/water,ethanol,petroleum_ether,,
Malachite Green (carbinol),510-13-4,ethanol,petroleum_ether,,,
RS-(±)-Mandelic acid,61-72-3,chloroform,,,,
"Mesitylene (1,3,5-trimethylbenzene)",108-67-8,chloroform,,,,
4’-Methoxyacetophenone,100-06-1,petroleum_ether,,,,
4-Methoxyazobenzene,2396-60-3,ethanol,,,,
4-Methoxybenzoic acid (p-anisic acid),100-09-4,ethanol,,,,
6-Methoxy-1-indanone,13623-25-1,methanol,,,,
1-Methoxy-4-nitronaphthalene,4900-63-4,methanol/ethanol,,,,
2-Methoxyphenylacetic acid,93-25-4,water,,,,
3-Methoxyphenylacetic acid,1798-09-0,water,,,,
N-(p-Methoxyphenyl)-p-phenylenediamine,101-64-4,petroleum_ether/petroleum_ether,,,,
N-Methylacetanilide,579-10-2,acetone,,,,
4-Methylacetophenone,122-00-9,methanol,,,,
1-Methylaminoanthraquinone,82-38-2,ethanol,,,,
3-(Methylamino)benzoic acid,51524-84-6,water,,,,
"4-Methylaminophenol hemisulfate (Photol, Metol)",55-55-0,water/methanol,,,,
N-Methylaniline,100-61-8,chloroform,,,,
Methyl p-anisate,121-98-2,ethanol,,,,
2-Methylanthraquinone,84-54-8,ethanol,,,,
4-Methylbenzophenone,134-84-9,methanol,,,,
"Methyl-1,4-benzoquinone (p-toluoquinone)",553-97-9,ethanol,,,,
Methyl 4-bromobenzoate,619-42-1,methanol,,,,
"Methyl 2,4-dichlorophenoxyacetate",1928-38-7,methanol,,,,
Methyl gallate,99-24-1,methanol,,,,
Methyl 4-hydroxybenzoate (methyl paraben),99-76-3,methanol,,,,
1-Methylnaphthalene,90-12-0,methanol,,,,
6-Methyl-2-naphthol,17579-79-2,ethanol/petroleum_ether,,,,
7-Methyl-2-naphthol,26593-50-0,ethanol/petroleum_ether,,,,
"Methyl 2-naphthyl ether (2-methoxynaphthalene, Nerolin)",93-04-9,ethanol,,,,
2-Methyl-3-nitroaniline,603-83-8,ethanol,,,,
2-Methyl-4-nitroaniline,99-52-5,ethanol,,,,
2-Methyl-3-nitroanisole,4837-88-1,methanol,,,,
Methyl 3-nitrobenzoate,618-95-1,methanol,,,,
Methyl 4-nitrobenzoate,619-50-1,ethanol,,,,
3-Methyl-2-nitrobenzoic acid,5437-38-7,ethanol,water,,,
4-Methyl-3-nitrobenzoic acid (3-nitro-p-toluic acid),96-98-0,ethanol,methanol,,,
N-Methyl-4-nitrosoaniline,10595-51-4,methanol,,,,
N-Methylphthalimide,550-44-7,acetic_acid,,,,
Naphthalene,91-20-3,ethanol,cyclohexane,,,
"1,8-Naphthalic acid (naphthalene-1,8-dicarboxylic acid)",518-05-8,ethanol,,,,
2-Naphthamide (2-naphthoic acid amide),2243-82-5,ethanol,,,,
"Naphthazarin (5,8-dihydroxy-1,4-naphthoquinone)",475-38-7,hexane,ethanol/dioxane,chloroform,,
1-Naphthoic acid,86-55-5,toluene,,,,
2-Naphthoic acid,93-09-4,ethanol/water,,,,
1−Naphthol,90-15-3,water,,,,
Naphthol AS-D (3-hydroxy-2-naphthoic-o-toluide),135-61-5,xylene,,,,
1-Naphthol-2-carboxylic acid (1-hydroxy-2-naphthoic acid),86-48-6,ethanol,,,,
"1,2-Naphthaquinone (o- , β-naphthoquinone)",524-42-5,diethyl_ether,ethanol,,,
"1,4-Naphthaquinone (p-naphthoquinone, α-naphthoquinone)",130-15-4,ethanol,,,,
"1,5-Naphthaquinone (1,5-naphthoquinone)",51583-62-1,methanol,,,,
"2,3-Naphthaquinone (2,3-naphthoquinone)",4939-92-8,cyclohexane,,,,
"2,6-Naphthaquinone (amphi-naphthaquinone, 2,6-naphthoquinone)",613-20-7,petroleum_ether,,,,
β-Naphthoxyacetic acid (BNOA),120-23-0,ethanol,,,,
"β-Naphthoyltrifluoroacetone (4,4,4-trifluoro-2-naphthylbutan-1,3-dione)",893-33-4,water,ethanol,,,
2-Naphthyl acetate,1523-11-1,petroleum_ether,,,,
1-Naphthylacetic acid (NAA),86-87-3,ethanol,,,,
1-Naphthylamine,134-32-7,petroleum_ether,,,,
1-Naphthyl isocyanate,86-84-0,petroleum_ether,,,,
2-(2-Naphthyloxy)ethanol,93-20-9,petroleum_ether,,,,
N-1-Naphthylphthalamic acid (Naptalam),132-66-1,ethanol,,,,
2-Naphthyl salicylate (Betol),613-78-5,ethanol,,,,
1-Naphthyl urea,6950-84-1,ethanol,,,,
2-Naphthyl urea,13114-62-0,ethanol,,,,
Neostigmine methyl sulfate (Prostigmine B),51-60-5,ethanol/acetone,,,,
3-Nitroacetophenone,121-89-1,ethanol,,,,
4-Nitroacetophenone,100-19-6,ethanol,,,,
"3-Nitroalizarin (1,2-dihydroxy-3-nitro-9,10-anthraquinone, Alizarin Orange)",568-93-4,acetic_acid,,,,
2-Nitroaniline,88-74-4,water,,,,
4-Nitroaniline,100-01-6,acetone,,,,
4-Nitroanisole (4-methoxynitrobenzene),100-17-4,petroleum_ether/hexane,,,,
9-Nitroanthracene,602-60-8,ethanol/methanol,,,,
4-Nitrobenzene-azo-resorcinol (magneson-I),74-39-5,ethanol,,,,
4-Nitrobenzhydrazide (4-Nitrobenzoic hydrazide),636-97-5,ethanol/ethyl_acetate,,,,
2-Nitrobenzoic acid,552-16-9,ethanol/water,water,,,
3-Nitrobenzoic acid,121-92-6,water,,,,
4-Nitrobenzoic acid,62-23-7,water,acetone,,,
4-Nitrobenzyl alcohol,619-73-8,ethanol,,,,
4-Nitrobenzyl bromide,100-11-8,cyclohexane/hexane,,,,
3-Nitrobenzyl chloride,619-23-8,petroleum_ether,carbon_tetrachloride,,,
4-Nitrobenzyl cyanide,555-21-5,ethanol,,,,
2-Nitrobiphenyl,86-00-0,ethanol/petroleum_ether,,,,
trans-3-Nitrocinnamic acid,555-68-0,ethanol,,,,
trans-4-Nitrocinnamic acid,882-06-4,water,,,,
4-Nitrodiphenylamine,836-30-6,ethanol,,,,
3-Nitrofluoranthene,892-21-7,acetic_acid,,,,
"Nitromesitylene (2-nitro-1,3,5-trimethylbenzene)",603-71-4,ethanol,,,,
Nitromethylphenylsulfone,21272-85-5,chloroform,,,,
1-Nitronaphthalene,86-57-7,ethanol,,,,
1-Nitro-2-naphthol,550-60-7,petroleum_ether,ethanol,,,
2-Nitrophenol,88-75-5,ethanol,,,,
2-Nitrophenylacetic acid,3740-52-1,ethanol,,,,
4-Nitrophenylacetic acid,104-03-0,ethanol,,,,
4-Nitrophenylhydrazine,100-16-3,ethanol,,,,
3-Nitrophenyl isocyanate,3320-87-4,petroleum_ether/toluene/petroleum_ether,,,,
4-Nitrophenyl isocyanate,100-28-7,petroleum_ether,,,,
4-Nitrophenyl trifluoroacetate,658-78-6,chloroform,,,,
4-Nitrophenyl urea,556-10-5,ethanol,,,,
4-Nitrophthalic acid,610-27-5,diethyl_ether,,,,
3-Nitrophthalic anhydride,641-70-3,diethyl_ether/petroleum_ether,,,,
5-Nitro-2-n-propoxyaniline,553-79-7,petroleum_ether/water,,,,
4-Nitrosalicylic acid,619-19-2,water,acetone,,,
2-Nitroso-1-naphthol,132-53-6,water,petroleum_ether,,,
4-Nitrosophenol (benzoquinone mono oxime),104-91-6,xylene,,,,
trans-β-Nitrostyrene,5153-67-3,petroleum_ether,,,,
4-Nitrostyrene,100-13-0,ethanol,chloroform/hexane,methanol,,
4-Nitrotoluene,99-99-0,ethanol,,,,
5-Nitrovanillin (nitroveratric aldehyde),6635-20-7,ethyl_acetate/acetic_acid,acetic_acid,ethanol,,
"1,2,3,4,6,7,8-Octahydroanthracene",1079-71-6,ethanol,,,,
"Orcine moohydrate (orcinol hydrate, 3,5-dihydroxytoluene)",6153-39-5,chloroform,,,,
"Pargyline hydrochloride (Eutonyl, N-methyl-n-propargylbenzylamine hydrochloride)",306-07-0,ethanol/diethyl_ether,,,,
Pentabromophenol,608-71-9,toluene,,,,
Pentachloronitrobenzene (Quintozene),82-68-8,ethanol,,,,
Pentachlorophenol,87-86-5,toluene/ethanol,,,,
"2,3,4,5,6-Pentafluorobenzoic acid",602-94-8,petroleum_ether,,,,
"2,3,4,5,6-Pentafluorophenol",771-61-9,acetone,,,,
Perylene,198-55-0,ethanol,,,,
Phenanthrene,85-01-8,acetic_acid,ethanol,ethanol/ethanol,,
Phenanthrene-9-aldehyde,4707-71-5,ethanol,,,,
"9,10-Phenanthrenequinone",84-11-7,dioxane/ethanol/water,,,,
(±)-N-1-Phenethyl urea (N-α-phenethyl urea),60295-51-4,water,,,,
(+)-R-N-1-Phenethyl urea (R-N-α-phenethyl urea),16849-91-5,water/ethanol,,,,
(-)-S-N-1-Phenethyl urea (S-N-α-phenethyl urea),25144-64-3,water/ethanol,,,,
N-2-Phenethyl urea,2158-04-5,water/ethanol,,,,
Phenol (carbolic acid),108-95-2,ethanol/water,water,,,
4-Phenoxybutyric acid,6303-58-8,petroleum_ether,water,,,
Phensuximide (N-methyl-2-phenylsuccinimide),86-34-0,ethanol/water,,,,
Phenylacetic acid,103-82-2,petroleum_ether,,,,
4'-Phenylacetophenone (4-acetylbiphenyl),92-91-1,ethanol/acetone,,,,
4-Phenylanisole (4-methoxybiphenyl),361-37-6,petroleum_ether,,,,
9-Phenylanthracene,602-55-1,acetic_acid/toluene,,,,
4-Phenylazobenzoyl chloride,104-24-5,petroleum_ether,,,,
4-Phenylazo-1-naphthylamine,131-22-6,cyclohexane,,,,
4-Phenylazophenol (4-hydroxyazobenzene),1689-82-3,ethanol/water,,,,
Phenyl benzenethiosulfonate (diphenyldisulfoxide),1212-08-4,ethanol/methanol,,,,
2-Phenyl benzoate,93-99-2,ethanol,,,,
2-Phenylbutyramide,90-26-6,water,,,,
4-Phenylbutyric acid,1821-12-1,petroleum_ether,,,,
Phenyl cinnamate,2757-04-2,ethanol,,,,
o-Phenylenediamine,95-54-5,toluene,,,,
m-Phenylenediamine,108-45-2,ethanol,,,,
p-Phenylenediamine,106-50-3,ethanol,,,,
Phenyl ether (diphenyl ether),101-84-8,ethanol/water,,,,
(±)-p-α-Phenylethylphenol,1988-89-2,petroleum_ether,,,,
5-(α-Phenylethyl)semioxamazide,93-95-8,ethanol,,,,
Phenylhydrazine,100-63-0,petroleum_ether,,,,
Phenylhydrazine hydrochloride,59-88-1,ethanol/water,water,,,
"2-Phenyl-1,3-indandione",83-12-5,ethanol/chloroform,,,,
2-Phenylnaphthalene,612-94-2,methanol/ethanol,ethanol,,,
N-Phenyl-1-naphthylamine,90-30-2,ethanol,,,,
N-Phenyl-2-naphthylamine,135-88-6,ethanol,,,,
4-Phenylphenacyl bromide,135-73-9,ethanol,,,,
RS-2-Phenylpropionic acid,492-37-5,petroleum_ether,,,,
Phenylurea,64-10-8,ethyl_acetate,,,,
"Phloroacetophenone (2H2O) (2',4',6'-trihydroxyacetophenone)",480-66-0,water,,,,
Phthalic anhydride,85-44-9,chloroform,,,,
Phthalimide,85-41-6,ethanol,,,,
"Phthalonitrile (1,2-dicyanobenzene)",91-15-6,ethanol,,,,
Phthalylsulfacetamide,131-69-1,water,,,,
"Phthiocol (2-hydroxy-3-methylnaphtha-1,4-quinone)",483-55-6,petroleum_ether,,,,
Picric acid,88-89-1,acetic_acid,,,,
"Picryl chloride (2-chloro-1,3,7-trinitrobenzene)",88-88-0,chloroform/ethanol,,,,
Piperonal,120-57-0,water/ethanol,,,,
Piperonylic acid,94-53-1,ethanol,,,,
Polystyrene (PS),9003-53-6,chloroform,,,,
"1S,2S-Pseudoephedrine hydrochloride",345-78-8,ethanol,,,,
p-Quaterphenyl,135-70-6,dimethyl_sulfoxide,,,,
"Quinalizarin (1,2,5,8-tetrahydroxy-9,10-anthraquinone)",81-61-8,acetic_acid,,,,
Quinhydrone (1:1 complex of hydroquinone and benzoquinone),106-34-3,water,,,,
Retene (1-methyl-7-isopropylphenanthrene),483-65-8,ethanol,,,,
Salicylaldehyde (o-hydroxybenzaldehyde),90-02-8,petroleum_ether,,,,
Salicylamide,65-45-2,water,,,,
Salicylhydroxamic acid,89-73-6,acetic_acid,,,,
"trans-Stilbene (E-1,2-diphenylethylene)",103-30-0,ethanol,,,,
"(±)-Styrene glycol (±-1-phenyl-1,2-ethanediol)",93-56-1,petroleum_ether,,,,
"Syringaldehyde (3,5-dimethoxy-4-hydroxybenzaldehyde)",134-96-3,petroleum_ether,,,,
"Syringic acid (3,5-dimethoxy-4-hydroxybenzoic acid)",530-57-4,water,,,,
"o-Terphenyl (1,2-diphenylbenzene)",84-15-1,petroleum_ether/petroleum_ether,ethanol,,,
"2,3,4,5-Tetrachloroaniline",634-83-3,ethanol,,,,
"2,3,5,6-Tetrachloroaniline",3481-20-7,ethanol,,,,
"1,2,3,4-Tetrachlorobenzene",634-66-2,ethanol,,,,
"1,2,3,5-Tetrachlorobenzene",634-90-2,ethanol,,,,
"1,2,4,5-Tetrachlorobenzene",95-94-3,ethanol,,,,
"3,4,5,6-Tetrachloro-1,2-benzoquinone (o-chloranil)",2435-53-2,acetic_acid,,,,
"2,3,4,5-Tetrachlorophenol",4901-51-3,petroleum_ether,,,,
Tetrachlorophthalic anhydride,117-08-8,chloroform,acetic_acid,,,
"1,2,4,5-Tetracyanobenzene",712-74-3,ethanol,,,,
"7,7,8,8-Tetracyanoquinodimethane (TCNQ)",1518-16-7,ethyl_acetate,,,,
Tetralin hydroperoxide,771-29-9,hexane,,,,
"1,2,4,5-tetramethylbenzene (durene)",95-93-2,xylene,,,,
"N,N,N',N'-Tetramethylbenzidine",366-29-0,ethanol/petroleum_ether,petroleum_ether,,,
"N,N,N',N'-Tetramethyl-1,4-phenylenediamine (TMPD, Wurster’s blue)",100-22-1,petroleum_ether,,,,
Tetra(4-nitrophenyl)ethylene,47797-98-8,dioxane,,,,
Tetraphenylhydrazine,632-52-0,toluene,,,,
"trans-1,1,4,4-Tetraphenyl-2-methylbutadiene",20411-57-8,ethanol/acetic_acid,,,,
"1,2,3,4-Tetraphenylnaphthalene",751-38-2,methanol/ethanol,,,,
"o-Tolidine (3,3'-dimethylbenzidine)",119-93-7,petroleum_ether,,,,
4-Tolyl-2-benzoic acid (4'-methylbiphenyl-2-carboxylic acid),7148-03-0,toluene,,,,
p-Tolyl urea,622-51-5,water,,,,
Tribenzylamine,620-40-6,petroleum_ether,,,,
"2,4,6-Tribromoaniline",147-82-0,methanol,ethanol,,,
"2,4,6-Tribromophenol",118-79-6,ethanol/petroleum_ether,,,,
"sym-Tri-tert-butylbenzene (1,3,5-tri-tert-butylbenzene)",1460-02-2,ethanol,,,,
"2’,2’,2’-Trichloroacetanilide",2563-97-5,ethanol,,,,
"2,3,4-Trichloroaniline",634-67-3,petroleum_ether,ethanol,,,
"2,4,5-Trichloroaniline",636-30-6,petroleum_ether,,,,
"2,4,6-Trichloroaniline",634-93-5,petroleum_ether,,,,
"1,2,3-Trichlorobenzene",87-61-6,ethanol,,,,
"1,2,4-Trichlorobenzene",120-82-1,toluene,,,,
"3,4,5-Trichloro-o-cresol (3,4,5-trichloro-2-methylphenol)",608-92-4,petroleum_ether,,,,
"2,3,5-Trichloro-p-cresol (2,3,5-trichloro-4-methylphenol)",608-91-3,petroleum_ether,,,,
"2,4,5-Trichloro-1-nitrobenzene (1,2,4-trichloro-5-nitrobenzene)",89-69-0,ethanol,,,,
"2,4,5-Trichlorophenol",95-95-4,ethanol/petroleum_ether,,,,
"3,4,5-Trichlorophenol",609-19-8,petroleum_ether,,,,
"3,4,5-Triiodobenzyl chloride",52273-54-8,carbon_tetrachloride/petroleum_ether,,,,
"Trimellitic (benzene-1,2,4-tricarboxylic) acid",528-44-9,acetic_acid,,,,
"3,4,5-Trimethoxyphenol (Antiarol)",642-71-7,ethanol,,,,
"3,4,5-Trimethylphenol",527-54-8,petroleum_ether,,,,
"2,4,6-Trinitroanisole",606-35-9,ethanol/methanol,,,,
"2,4,6-Trinitro-m-cresol",602-99-3,water,,,,
"2,4,6-Trinitrotoluene (TNT)",118-96-7,ethanol/water,ethanol,,,
Triphenylamine,603-34-9,ethanol,,,,
"1,3,5-Triphenylbenzene",612-71-5,ethanol,,,,
"Triphenylene (9,10-benzophenanthrene)",217-59-4,ethanol/chloroform,,,,
"1,2,3-Triphenylguanidine",101-01-9,ethanol/ethanol,,,,
Triphenylmethane,519-73-3,ethanol,,,,
Triphenylmethanol (triphenylcarbinol),76-84-6,ethanol,,,,
"Tropolone (2-hydroxycyclohepta-2,4.6-trien-1-one)",533-75-5,hexane/petroleum_ether,,,,
3-Acetylindole,703-80-0,ethanol,methanol,,,
1-Acetylpiperazine,13889-98-0,water/diethyl_ether,ethanol/ethyl_acetate,,,
"3-Acetylthiophene (methyl 3-thienyl ketone, acetothienone)",1468-83-3,chloroform,ethanol,petroleum_ether/ethanol,,
Aconitine,302-27-2,ethanol,,,,
"Acridine (2,3-benzoquinoline)",260-94-6,cyclohexane,,,,
"Acridone (9,10-dihydro -9-oxoacridine, 9-hydroxyacridine)",578-95-0,acetic_acid,ethanol,,,
"Acriflavin Mixture (Euflavin, Proflavin, 3,6-diamino-10-methylacridinium chloride + 3,6-diaminoacridine)",8048-52-0,methanol,water,,,
"Adrenochrome (3-hydroxy-1-methyl-5,6-indoline-dione)",54-06-8,methanol,water,ethanol,,
"Aetioporphyrin I (Etioporphyrin, I 2,4,6,8-tetraethyl-1,3,5,7-tetramethylporphyrin)",448-71-5,methanol,acetic_acid,,,
Agroclavin,548-42-5,acetone,water,,,
Alloxan monohydrate,2244-11-3,acetic_acid,,,,
"Alloxazine (6,7-benzopteridin-2,4(1H,3H)-dione)",490-50-5,water,,,,
5-Allyl-5-isobutylbarbituric acid (Butalbital),77-26-9,water/ethanol,,,,
"9-Aminoacridine (9-acridineamine, Aminacrine)",90-45-9,ethanol/acetone,,,,
2-Amino-4-anilino-s-triazine (Amanozine),537-17-7,dioxane/water,,,,
"4-Aminoantipyrine (Ampyrone, 4-amino-2,3-dimethyl-1-phenylpyrazol-5-one)",83-07-8,ethanol/ethanol/diethyl_ether,,,,
2-Aminobenzothiazole,136-95-8,water,,,,
6-Aminobenzothiazole,533-30-2,acetone,,,,
4-Amino-1-benzylpiperidine,50541-93-0,methanol/ethyl_acetate/ethanol,,,,
2-Amino-4-chloro-6-methylpyrimidine,5600-21-5,ethanol,,,,
2-Amino-5-chloropyridine,1072-98-6,petroleum_ether,,,,
2-Amino-4-chloropyrimidine,3993-78-0,water,,,,
"2-Amino-3,5-dibromopyridine",35486-42-1,petroleum_ether,,,,
"2-Amino-4,6-dimethylpyridine (6-amino-2,4-lutidine)",5407-87-4,ethanol,hexane,,,
4-Aminoimidazole-5-carboxamide hydrochloride (AICAR HCl),72-40-2,ethanol,,,,
6-Aminoindazole,6967-12-0,water/ethanol,,,,
2-Amino-3-iodopyridine,104830-06-0,hexane,,,,
2-Amino-4-iodopyridine,552331-00-7,water,,,,
2-Amino-5-iodopyridine,20511-12-0,ethanol/acetone,,,,
5-Amino-2-iodopyridine,29958-12-1,ethanol,,,,
"3-Amino-5-mercapto-1,2,4-triazole",16691-43-3,ethanol,water,,,
2-Amino-4-methoxy-6-methylpyrimidine,7749-47-5,water,,,,
7-Amino-4-methylcoumarin (Coumarin 120),26093-31-2,ethanol,,,,
2-Amino-4-methylpyridine (2-amino-4-picoline),695-34-1,ethanol,,,,
2-Amino-5-methylpyridine (6-amino-3-picoline),1603-41-4,acetone,,,,
2-Amino-6-methylpyridine (6-amino-2-picoline),1824-81-3,acetone,,,,
2-Amino-4-methylpyrimidine,108-52-1,ethanol,water/ethanol,,,
4-Amino-2-methylquinoline (4-aminoquinaldine),6628-04-2,petroleum_ether,,,,
2-Aminoperimidine,28832-64-6,ethanol/water,,,,
2-Aminopyridine,504-29-0,petroleum_ether/chloroform/petroleum_ether,,,,
4-Aminopyridine,504-24-5,ethanol,,,,
Aminopyrine (4-dimethylaminoantipyrene),58-15-1,petroleum_ether,,,,
5-Aminoquinoline,611-34-7,ethanol,,,,
6-Aminoquinoline,580-15-4,petroleum_ether,,,,
8-Aminoquinoline,578-66-5,ethanol,,,,
"2-Amino-5-sulfanilylthiazole (thiazolsulfone, Promizole)",473-30-3,ethanol,,,,
2-Aminothiazole,96-50-4,petroleum_ether,,,,
"2-Amino-5-thiazoleacetic acid ethyl ester (2-amino-5-ethoxycarbonylmethyl-1,4-thazole)",62557-32-8,petroleum_ether/chloroform,ethanol,,,
"3-Amino-1,2,4-triazole (3-AT, Amitrol)",61-82-5,ethanol,,,,
"4-Amino-1,2,4(4H)-triazole",584-13-4,ethanol/diethyl_ether/water,ethanol,isopropanol,,
"Antipyrine (2,3-dihydro-1,5-dimethyl-3-oxo-2-phenylpyrazole)",60-80-0,ethanol,,,,
2-Azacyclotridecanone (laurolactam),947-04-6,chloroform,,,,
"Azuleno(1,2-b)thiophene",25043-00-9,cyclohexane,,,,
Azure A (3-amino-7-dimethylaminophenazin-5-ium chloride),531-53-3,water,,,,
Azure B (3-methylamino-7-dimethylaminophenazin-5-ium chloride),531-55-5,water,,,,
"Barbituric acid (6-hydroxypyrimidin-2,4-dione)",67-52-7,water,,,,
2-Benzimidazolylacetonitrile,4414-88-4,water,,,,
"1,2,3-Benzothiadiazole",273-77-8,petroleum_ether,,,,
"2,1,3(1,2,5)-Benzothiadiazole",272-13-2,petroleum_ether,,,,
"1,2,3-Benzotriazole",95-14-7,toluene,,,,
"O-Benzotriazol-1-yl-N,N,N',N'-tetramethyluronium hexafluorophosphate (HBTU)",94790-37-1,acetonitrile,,,,
2-Benzoylpyridine,91-02-1,petroleum_ether,acetone,,,
3-Benzyl-5-(2-hydroxyethyl)-4-methylthiazolinium chloride,4568-71-2,ethanol/water,,,,
5-Benzyloxyindole,1215-59-4,petroleum_ether/petroleum_ether,,,,
Berbamine,478-61-5,petroleum_ether,,,,
Berberine,2086-83-1,petroleum_ether,,,,
Biliverdine,114-25-0,chloroform,toluene,methanol,,
"2,2'-Bipyridyl",366-18-7,hexane,petroleum_ether,ethanol,,
"2,2'-Biquinolyl (Cuproin, α,α'-diquinolyl)",119-91-5,ethanol,,,,
"2,5-Bis(4-aminophenyl)-1,3,4-oxadiazole (BAO)",2425-95-8,ethanol,,,,
"2,5-Bis(2-benzothiazolyl)hydroquinone",33450-09-8,dimethylformamide,,,,
"2,5-Bis(4-biphenylyl)-1,3,4-oxadiazole (BBOD)",2043-06-3,toluene,,,,
"Blue Tetrazolium (BTC, tetrazolium blue chloride)",1871-22-3,ethanol/water,,,,
1-N-Boc-4-piperidone (1-N-tert-butoxycarbonyl-4-piperidone),79099-07-3,petroleum_ether,,,,
Brilliant Cresyl Blue (NN-diethyl-3-imino-8-methyl-3H-phenoxazin-7-amine hydrochloride),4712-70-3,petroleum_ether,,,,
5-Bromocytosine,2240-25-7,water/water,,,,
6-Bromo-5-fluoro-1H-indole,259860-08-7,methanol,,,,
5-Bromoindole,10075-50-0,petroleum_ether/diethyl_ether,diethyl_ether,,,
5-Bromoisatin,87-48-9,ethanol,methanol,,,
6-Bromoisatin,6326-79-0,acetic_acid,,,,
4-(Bromomethyl)-7-methoxycoumarin,35231-44-8,acetic_acid,,,,
"8-Bromotheophylline (bromo-1,3-dimethyl-2,6(1H,3H)-purinedione)",10381-75-6,ethanol/acetic_acid,,,,
5-Bromothiazole,3034-55-7,ethanol,,,,
4-tert-Butylcalix,60705-62-6,carbon_tetrachloride/ethanol,acetic_acid,,,
4-tert-Butylcalix,78092-53-2,chloroform/chloroform,chloroform/methanol,,,
4-tert-Butylcalix,68971-82-4,hexane,,,,
8-sec-Butylmetrazole,25717-83-3,petroleum_ether,,,,
N-(n-Butyl)-5-nitro-2-furamide,14121-89-2,ethanol,,,,
"ε-Caprolactam (azepan-2-one, aza-2-cycloheptanone, 2-oxohexamethyleneimine)",105-60-2,acetone/petroleum_ether,acetone,,,
"Caprylolactam (azanon-2-one, azacyclononan-2-one, 8-aminooctanoic acid lactam, cyclooctanone isooxime)",935-30-8,chloroform/hexane,,,,
Carbazole,86-74-8,ethanol/toluene,,,,
9-Carbazoleacetic acid,524-80-1,ethanol,,,,
Cetylpyridinium chloride (H2O) (hexadecylpyridinium chloride),6004-24-6,methanol/ethanol,,,,
"2-Chloro-4,6-dimethylpyrimidine",4472-44-0,petroleum_ether,,,,
"2-Chloro-3,5-dinitropyridine",2578-45-2,petroleum_ether,,,,
1-(2-Chloroethyl)pyrrolidine hydrochloride,7250-67-1,isopropanol,,,,
5-Chloroindole,17422-32-1,petroleum_ether,,,,
4-(Chloromethyl)pyridine hydrochloride,1822-51-1,ethanol/ethanol,,,,
2-Chloro-1-methylpyridinium iodide,14338-32-0,acetone/ethanol,,,,
6-Chloronicotinic acid,5326-23-8,water,,,,
2-Chloro-5-nitropyridine,4548-45-2,petroleum_ether,,,,
2-Chloroquinoline,612-62-4,ethanol,,,,
4-Chloroquinoline,611-35-8,ethanol/ethyl_acetate,,,,
"8-m Chlorotheophylline290 (8-chloro -1,3-dimethyl-2,6(1H,3H)-purinedione)",85-18-7,water/ethanol,,,,
"5-Chlorouracil (5-chloro-2,4(6)-dihydroxypyrimidine)",1820-81-1,water,,,,
"4-Chromanone (2,3-dihydro-4H-1-benzopyran-4-one)",491-37-2,petroleum_ether,,,,
Cinnoline,253-66-7,petroleum_ether,ethanol,,,
Clioquinol (5-chloro-8-hydroxy-7-iodoquinoline),130-26-7,acetic_acid/xylene,,,,
Conessine,546-06-5,acetone,ethanol/diethyl_ether,,,
Coumalic acid (2-pyrone-5-carboxylic acid),500-05-0,methanol,,,,
Coumarin,91-64-5,ethanol,,,,
18-Crown-6,17455-13-9,acetonitrile,,,,
Cupreine (6'-hydroxycinchonidine),524-63-0,ethanol,methanol,,,
2-Cyanopyridine,100-70-9,cyclohexane,,,,
3-Cyanopyridine,100-54-9,cyclohexane/hexane,,,,
4-Cyanopyridine,100-48-1,cyclohexane,,,,
"Cyanuric chloride (TCT, 2,4,6-trichloro-1,3,5-triazine)",108-77-0,carbon_tetrachloride/petroleum_ether,,,,
1-Cyclohexyl-5-methyl-1H-tetrazole,7707-57-5,water,,,,
"Cyclotrimethylenetrinitramine (RDX, Cyclonite, 1,3,5-trinitrohexahydro-1,3,5-triazine)",121-82-4,acetone,,,,
cis-Decahydroisoquinoline,2744-08-3,ethanol,,,,
cis-Decahydroquinoline,10343-99-4,petroleum_ether,ethanol/ethyl_acetate,,,
Delphinine,561-07-9,ethanol,diethyl_ether/acetone,methanol/methanol/diethyl_ether,,
"4,5-Diamino-2,6-dihydroxypyrimidine (diamino uracil) sulfate",32014-70-3,water,,,,
"5,6-Diamino-1,3-dimethyluracil hydrate (5,6-diamino-1,3-dimethyl-2-pyrimidine-2,4-dione hydrate)",5440-00-6,ethanol,,,,
"6,9-Diamino-2-ethoxyacridine (Ethacridine)",442-16-0,ethanol/water/ethanol,,,,
"2,4-Diamino-6-hydroxypyrimidine",56-06-4,water,,,,
"4,5-Diamino-6-hydroxypyrimidine hemisulfate",102783-18-6,water,,,,
"2,4-Diamino-5-phenylthiazole (DAPT, Amiphenazole)",490-55-1,methanol,,,,
"1,8-Diazabiphenylene",259-84-7,cyclohexane,,,,
Dibenzo-24-crown-8,14174-09-5,ethanol,,,,
"1,3-Dibromo-5,5-dimethylhydantoin",77-48-5,water,,,,
"4',5'-Dibromofluorescein",596-03-2,water,,,,
"5,7-Dibromo-8-hydroxyquinoline (Broxyquinoline)",521-74-4,acetone/ethanol,,,,
"2,6-Dibromopyridine",626-05-1,ethanol,,,,
"3,5-Dicarbethoxy-1,4-dihydro-2,4,6-collidine",632-93-9,ethanol,,,,
"1,3-Dichloro-5,5'-dimethylhydantoin",118-52-5,chloroform,,,,
"4,5-Dichloro-3H-1,2-dithiol-3-one",1192-52-5,petroleum_ether,,,,
"5,7-Dichloro-8-hydroxyquinoline",773-76-2,acetone/ethanol,,,,
"5,7-Dichloro-2-methyl-8-hydroxyquinoline (5,7-dichloro-8-hydroxyquinaldine)",72-80-0,ethanol,,,,
"2,6-Dichloropyridine",2402-78-0,ethanol,,,,
"3,5-Dichloropyridine",2457-47-8,ethanol,,,,
"2,6-Dichloropyridine-3-carboxylic acid (2,6-dichloronicotinic acid)",38496-18-3,water/diethyl_ether/petroleum_ether,,,,
"2,6-Dichloropyridine-4-carboxylic acid (2,6-dichloroisonicotinic acid)",5398-44-7,water,ethanol,,,
"5,6-Dichloropyridine-3-carboxylic acid (5,6-dichloronicotinic acid)",41667-95-2,petroleum_ether,,,,
"4,7-Dichloroquinoline",86-98-6,methanol/ethanol/water,,,,
"1,1'-Diethyl-2,2'-cyanine iodide",977-96-8,ethanol,,,,
"Dihydropyran (3,4-dihydro-2H-pyran)",110-87-2,water,,,,
"trans-2,3-Dihydroxy-1,4-dioxane",4845-50-5,acetone,,,,
"2,5-Dihydroxy-1,4-dithiane",40018-26-6,petroleum_ether,ethanol,,,
"S(-)-4',7-Dihydroxyflavanone (3,4'-dihydroxyisoflavone, Liquiritigenin)",578-86-9,water,,,,
"5,7-Dihydroxy-4'-methoxyflavone (Acacetin)",480-44-4,ethanol/water,,,,
"(±)-7-(2,3-Dihydroxypropyl)theophylline (Diprophylline, Dyphylline)",479-18-5,ethanol/water,,,,
"1,3-Diiminoisoindoline",3468-11-9,water,ethanol,,,
"5,7-Diiodo-8-hydroxyquinoline",83-73-8,xylene,,,,
6-Dimethylaminopurine,938-55-6,ethanol/diethyl_ether,water,,,
"1,1'-Dimethyl-4,4'-bipyridylium dichloride (3H2O; Methyl Viologen Dichloride, paraquat dichloride)",1910-42-5,methanol,,,,
"1,3-Dimethylbutadiene sulfone (1,3-dimethylsulfolene, 2,5-dihydro-2,4-dimethylthiophene)",10033-92-8,diethyl_ether,,,,
"2,2-Dimethyl-1,3-dioxan-4,6-dione (Meldrum’s Acid)",2033-24-1,acetone/water,,,,
"5,5-Dimethylhydantoin",77-71-4,ethanol,,,,
"1,2-Dimethyl-1H-imidazole",1739-84-0,water/ethanol,,,,
"2,9-Dimethyl-1,10-phenanthroline (neocuproine hemihydrate)",484-11-7,water/petroleum_ether,water,,,
"4,4-Dimethyl-2,6-piperidinedione (4,4-dimethylglutarimide)",1123-40-6,water,,,,
"3,5-Dimethylpyrazole",67-51-6,cyclohexane,,,,
"2,3-Dimethylquinoxaline",2379-55-7,ethanol,,,,
"1,3-Diphenylisobenzofuran",5471-63-6,ethanol/ethanol/chloroform,,,,
"2,5-Diphenyl-1,3,4-oxadiazole (PPD)",725-12-2,ethanol,,,,
"2,5-Diphenyloxazole (PPO)",92-71-7,petroleum_ether,,,,
"2RS,5RS-(±)-2,5-Diphenylpyrrolidine (± trans isomer)",22147-84-8,ethanol/diethyl_ether,,,,
"R-(+)-α, α-Diphenyl-2-pyrrolidinemethanol (α, α-Diphenyl-D-prolinol)",22348-32-9,ethanol/hexane,,,,
"S-(-)-α, α-Diphenyl-2-pyrrolidinemethanol (α, α-diphenyl-L-prolinol)",112068-01-6,water,ethanol/hexane,,,
"2,2'-Dipyridyl disulfide (2,2'dithiopyridine, Aldrithiol-2)",2127-03-9,petroleum_ether,,,,
"4,4'-Dipyridyl disulfide (4,4'-dithiopyridine, Aldrithiol-4)",2645-22-9,water,,,,
"1,2-Di-(4-pyridyl)-ethane",4916-57-8,ethanol,cyclohexane,,,
"1,3-Di-(4-pyridyl)-propane",17252-51-6,acetone,,,,
"4,4'-Dithiodimorpholine (S,S’-di-N,N’-dimorpholine, dimorpholine-N,N’-disulfide)",103-34-4,ethanol,,,,
"1,3-Dithiole-2-thione (Vinylene trithiocarbonate, 1,3-dithiocyclopent-4-ene-2-thione, isotrithione)",,methanol,,,,
1-Dodecylpyridinium chloride,104-74-5,acetone,,,,
"Elymoclavine (8,9-didehydro-6-methylergoline-8-methanol)",548-43-6,methanol,,,,
"5.77, pK2 6.64. It crystallises from MeOH/Et2O, MeOH or Et2O/EtOAc. The free base",483-18-1,methanol/diethyl_ether,ethyl_acetate/petroleum_ether,,,
Ergocornine,564-36-3,methanol,,,,
α-Ergocryptine,511-09-1,acetone,,,,
Ergotamine,113-15-5,methanol,,,,
"D-Erythronic acid γ-lactone (3R-3,4-dihydroxyfuran-2-one)",15667-21-7,ethyl_acetate,,,,
"2-Ethyl-1,2-benzisoxazolium tetrafluoroborate",4611-62-5,acetonitrile,,,,
N-Ethylcarbazole,86-28-2,methanol,,,,
Ethylene thiourea (2-imidazolidinethione),96-45-7,ethanol,,,,
Ethylene urea (2-imidazolidone),120-93-4,methanol,,,,
"(±)-3-Ethyl-3-phenyl-2,6-piperidinedione (Glutethimide)",77-21-4,ethyl_acetate/petroleum_ether,diethyl_ether,,,
4-Ethylpyridine,536-75-4,acetone/diethyl_ether,,,,
Flavone (2-phenyl-4H-1-benzopyran-4-one),525-82-6,petroleum_ether,,,,
Fluoresceinamine (mixture of 5- and 6-aminofluorescein),27599-63-9,water,,,,
"4-Fluoro-7-nitrobenzofurazan (4-fluoro-7-nitrobenzo-2-oxa-1,3-diazole)",29270-56-2,petroleum_ether,water/methanol/diethyl_ether,,,
Furan-2-carboxylic (2-furoic) acid,88-14-2,chloroform,,,,
Furil,492-94-4,methanol,,,,
Fusaric acid (5-n-butylpyridine-2-carboxylic acid),536-69-6,methanol,water,,,
Gramine (3-dimethylaminoethylindole),87-52-5,ethanol/diethyl_ether,,,,
"(2S,6’R)(+)-Griseofulvin",126-07-8,ethanol,,,,
"Hesperetin (3',5,7-trihydroxy-4'-methoxyflavanone)",520-33-2,ethanol,ethyl_acetate/ethanol,,,
"1-Hydrazinophthalazine (hydralazine, Alphapress)",86-54-4,methanol,,,,
2-Hydrazinopyridine,4930-98-7,diethyl_ether/hexane,,,,
"4-Hydroxyacridine (4-acridinol, neo-oxine)",18123-20-1,ethanol,,,,
N-2-Hydroxyethylpiperazine-N'-2-ethanesulfonic acid (HEPES),7365-45-9,ethanol,,,,
7-Hydroxy-4-methylcoumarin (4-methylumbelliferone(β) hydrate),90-33-5,ethanol,,,,
5-(Hydroxymethyl)furfural,67-47-0,petroleum_ether,,,,
8-Hydroxy-2-methylquinoline,826-81-3,ethanol,,,,
4-Hydroxy-2-n-nonylquinoline N-oxide,316-66-5,ethanol,,,,
2-(2-Hydroxyphenyl)benzothiazole,3411-95-8,acetic_acid,,,,
2-(2-Hydroxyphenyl)benzoxazole,835-64-3,acetic_acid,,,,
3-Hydroxy-2-phenylcinchoninic acid (Oxycincophen),485-89-2,ethanol,,,,
"(±)-7-(2-Hydroxypropyl)theophylline (Proxyphylline, 1,3-dimethyl-3H,7H-purine-2,6-dione)",603-00-9,ethanol,,,,
2-Hydroxypyridine (2-pyridone),142-08-5,chloroform,,,,
3-Hydroxypyridine,109-00-2,methanol,water,,,
2(6)-Hydroxypyridine-5(3)-carboxylic acid (6-hydroxynicotinic acid),5006-66-6,acetone,,,,
"4-Hydroxypyridine-2,6-dicarboxylic acid (chelidamic acid)",138-60-3,methanol,,,,
2-Hydroxypyrimidine,557-01-7,ethanol,,,,
2-Hydroxyquinoline (carbostyril),59-31-4,diethyl_ether,methanol,,,
"8-Hydroxyquinoline (oxine, 8-quinolinol)",148-24-3,ethanol,,,,
"4-Hydroxy-2,2,6,6-tetramethylpiperidine",2403-88-5,ethanol,,,,
Ibogaine (12-methoxybogamine),83-74-9,ethanol,,,,
"2-Iminothiolane hydrochloride (2-iminotetrahydrothiophene, Traut’s reagent)",4781-83-3,methanol,,,,
"Indazole (1,2-benzopyrazole, 1,2-benzodiazole)",271-44-3,diethyl_ether,petroleum_ether,,,
Indole,120-72-9,ethanol,,,,
Indole-3-acetic acid (heteroauxin),87-51-4,ethanol,,,,
Indole-2-carboxaldehyde,19005-93-7,hexane,water,,,
Indole-3-propionic acid (IPA),830-96-6,methanol,ethanol,,,
trans-Indol-3-ylacrylic acid,1204-06-4,acetic_acid,,,,
3-Indolylbutyric acid (IBA),133-32-4,ethanol,water,,,
3-Indolylpyruvic acid,392-12-1,acetone,ethyl_acetate,,,
Isonicotinic acid (pyridine-4-carboxylic acid),55-22-1,water,ethanol/water,,,
1-Isonicotinyl-2-isopropylhydrazide (Iproniazid),54-92-2,petroleum_ether,,,,
"1-Isonicotinyl-2-isopropylhydrazide phosphate (Iproniazid phosphate, Marsilide)",305-33-9,water/acetone,petroleum_ether/ethanol,,,
1-Isonicotinyl-2-salicylidenehydrazide (Salinazide),495-84-1,ethanol,,,,
N-Isopropylcarbazole,1484-09-9,ethanol,isopropanol,,,
Isoquinoline,119-65-3,ethanol,acetonitrile,,,
"Jervine (3β,23β-17,23-epoxy-2-hydroxyvertraman-11-one, a steroidal alkaloid)",469-59-0,methanol/water,methanol,,,
"Kainic acid H2O (2S,3S,4S-2-carboxy-4-isoprenyl-3-pyrrolidine- acetic acid)",487-79-6,ethanol,water,,,
Kynurenic acid (4-hydroxyquinoline-2-carboxylic acid),492-27-3,methanol,,,,
"dl-Lupinine (1-hydroxymethyloctahydroquinolizine, 1-hydroxymethylquinolizidine)",10248-30-3,acetone,,,,
"2,3-Lutidine (2,3-dimethylpyridine)",583-61-9,ethanol,chloroform,,,
Lycorine,476-28-8,methanol,,,,
Maltol (3-hydroxy-2-methyl-4-pyrone),118-71-8,chloroform,,,,
2-Mercaptobenzothiazole,149-30-4,ethanol/water,acetone/water,,,
2-Mercaptoimidazole,872-35-5,acetone/water,,,,
2-Mercapto-1-methylimidazole,60-56-0,ethanol,,,,
5-Methoxyindole,1006-94-6,petroleum_ether/diethyl_ether,,,,
"5-(p-Methoxyphenyl)-1,2-dithiole-3-thione",42766-10-9,ethyl_acetate,,,,
Methyl 3-aminopyrazine-2-carboxylate,16298-03-6,water,,,,
9-Methylcarbazole (N-methylcarbazole),1484-12-4,petroleum_ether/ethanol,,,,
1-Methylguanine,938-85-2,water/water,,,,
2-Methylimidazole (2-methylglyoxaline),693-98-1,petroleum_ether,,,,
4(5)-Methylimidazole,822-36-6,petroleum_ether,,,,
2-Methylindole,95-20-5,diethyl_ether/diethyl_ether,,,,
3-Methylindole (skatole),83-34-1,diethyl_ether/diethyl_ether,,,,
"5-Methyl-1,10-phenanthroline",3002-78-6,petroleum_ether,,,,
5-Methylphenazinium methyl sulfate (PMS),299-11-6,ethanol,,,,
N-Methylphenothiazine (10-methylphenothiazine),1207-72-3,toluene/methanol,ethanol,,,
3-Methyl-1-phenyl-5-pyrazolone,89-25-8,water,,,,
"1-Methyl-4-phenyl-1,2,3,6-tetrahydropyridine hydrochloride (MPTP.HCl)",23007-85-4,acetone,,,,
S(+)-2-methylpiperazine,74879-18-8,methanol,,,,
1-Methyl-4-piperidone,1445-73-4,chloroform,methanol,,,
"2-Methylpyridine (2-picoline, α−picoline)",109-06-8,water,hexane,,,
3-Methylpyridine (3-picoline),108-99-6,acetone,,,,
4-Methylpyridine (4-picoline),108-89-4,ethanol,acetone,,,
"(±)-3-Methylsulfolane (3-methyltetrahydrothiophene-1,1-dioxide)",872-93-5,diethyl_ether,,,,
6-Methyluracil,626-48-2,ethanol/acetic_acid,,,,
1-Methyluric acid,708-79-2,water,,,,
Morpholine,110-91-8,ethanol/water,methanol,,,
2-(N-Morpholino)ethanesulfonic acid (MES),4432-31-9,ethanol,,,,
"α-Naphthoflavone (7,8-benzoflavone)",604-59-1,ethanol,,,,
Naphthol AS-acetate (3-acetoxynaphthoic acid anilide),1163-67-3,methanol,,,,
"1,5-Naphthyridine",254-79-5,ethanol,ethanol/diethyl_ether,,,
"1,8-Naphthyridine",254-60-4,petroleum_ether,,,,
Nicotinaldehyde thiosemicarbazone,3608-75-1,ethanol,,,,
4'-Nitrobenzo-15-crown-5,60835-69-0,ethanol,,,,
4-(4-Nitrobenzyl)pyridine (PNBP),1083-48-3,cyclohexane,ethanol,,,
"5-Nitro-1,10-phenanthroline",4199-88-6,water,petroleum_ether,,,
Octadecyl isonicotinate (hydrogen ionophore IV ETH 1778),103225-02-1,ethyl_acetate/hexane,,,,
2-Oxazolidinone (ethylene carbamate),497-25-6,chloroform,diethyl_ether,,,
"Oxine Blue (8-hydroxy-5-p-diethylaminophenylimino-5,8-dihydroquinoline)",3733-85-5,ethanol,,,,
Pentachloropyridine,2176-62-7,ethanol,,,,
"4,7-Phenanthroline-5,6-dione",84-12-8,methanol,,,,
Phenoxazine,135-67-1,ethanol,,,,
"9-Phenyl-3-fluorone (2,6,7-trihydroxy-9-phenylxanthen-3-one)",975-17-7,ethanol,,,,
2-Phenylindolizine,25379-20-8,acetonitrile,ethyl_acetate,ethanol,,
1-Phenyl-5-mercaptotetrazole,86-93-1,ethanol,,,,
4-Phenylpyridine-2-carbonitrile,18714-16-4,petroleum_ether,,,,
Phenyl 2-pyridyl ketoxime,1826-28-4,ethanol,,,,
6-Phenylquinoline,612-95-3,ethanol,,,,
"2-Phenylquinoline-4-carboxylic acid (Cinchophen, Atophen)",132-60-5,ethanol,,,,
1-Phenyl-5-sulfanilamidopyrazole,526-08-9,ethanol,,,,
"4-Phenyl-1,2,4-triazole-3,5-dione (PTAD)",4233-33-4,ethanol,,,,
Phthalazine,253-52-1,ethanol,,,,
Phthalazone (1-hydroxyphthalazine),119-39-1,water/ethanol,,,,
4-Picoline-N-oxide (4-methylpyridine-1-oxide),1003-67-4,ethanol/ethyl_acetate,,,,
Pinacyanol chloride (Quinaldine Blue),2768-90-3,methanol/ethanol,ethanol/ethanol,,,
Piperazine,110-85-0,ethanol,dimethylformamide,,,
Piperidine,110-89-4,acetone,ethanol,,,
"Piperidine-2,6-dione (glutarimide)",1121-89-7,acetone/ethanol,water,,,
Piperine (1-piperoylpiperidine),94-62-2,ethanol/ethyl_acetate,,,,
Poly(N-vinylcarbazole) (PVK),25067-59-8,tetrahydrofuran,,,,
Pteridine,91-18-9,ethanol,,,,
Purine,120-73-0,toluene/ethanol,,,,
Pyrazinecarboxamide,98-96-4,diethyl_ether/diethyl_ether,,,,
Pyrazole,288-13-1,petroleum_ether,,,,
"Pyrazole-N-1-carboximidine hydrochloride (Praxadine, 1-amidinopyrazole hydrochloride, 1H-pyrazole1-carboxamidine hydrochloride)",4023-02-3,dioxane/water,,,,
1H-Pyrazole-3-carboxylic acid,1621-91-6,water,,,,
1H-Pyrazole-4-carboxylic acid,37718-11-9,water,,,,
"Pyrazole-3,5-dicarboxylic acid",3112-31-0,diethyl_ether,,,,
Pyridine,110-86-1,ethanol,,,,
The 1:2-hydrochloride has m 46o,58888-58-7,chloroform/ethyl_acetate,,,,
Pyridine-2-aldoxime (pyridine-2-carboxaldoxime),873-69-8,diethyl_ether/petroleum_ether/water,ethanol,,,
"Pyridine-2,5-dicarboxylic acid (isocinchomeronic acid)",100-26-5,water,,,,
"Pyridine-3,4-dicarboxylic acid (cinchomeronic acid)",490-11-9,water,,,,
Pyridine N-oxide,694-59-7,diethyl_ether,,,,
Pyridine 3-sulfonic acid,636-73-7,water,,,,
4-Pyridinethiol (4-mercaptopyridine),4556-23-4,water,,,,
1-(2-Pyridylazo)-2-naphthol (PAN),85-85-8,ethanol/methanol,,,,
"3-(2-Pyridyl)-5,6-diphenyl-1,2,4-triazine",1046-56-6,ethanol/dimethylformamide,,,,
"α-Pyrone (2H-pyran-2-one, coumalin)",504-31-4,ethanol,,,,
Quinaldic (quinoline-2-carboxylic) acid,93-10-7,acetic_acid,,,,
Quinazoline,253-82-7,petroleum_ether,ethanol,,,
Quinoline,91-22-5,acetonitrile,ethanol,,,
2-Quinolinealdehyde,5470-96-2,water,,,,
Quinoxaline,91-19-0,petroleum_ether,,,,
"Rhamnetin (3,3'-4',5-tetrahydroxy-7-methoxy flavone, 7-methyl quercitin)",90-19-7,ethanol,acetone,,,
"Safranine O (Safranine T, 3,7-diamino-2,8-dimethyl-5-phenylphenazinium chloride, cotton Red)",,methanol,,,,
"2,2':6',2""-Terpyridyl",1148-79-4,diethyl_ether,petroleum_ether,,,
"2,4,5,6-Tetraaminopyrimidine sulfate",5392-28-9,water,,,,
"1,4,8,11-Tetraazacyclotetradecane (cyclam)",295-37-4,water,dioxane,,,
"2,3,4,6-Tetrachloropyridine",14121-36-9,ethanol,,,,
Tetrahydro-4H-thiopyran-4-one,1072-72-6,chloroform/petroleum_ether,acetic_acid,petroleum_ether,,
"2,2,6,6-Tetramethyl-4-piperidone hydrochloride (triacetoneamine HCl)",33973-59-0,ethanol/diethyl_ether,ethanol,,,
"1,3,7,9-Tetramethyl uric acid",2309-49-1,water/methanol,,,,
"5,10,15,20-Tetraphenylporphyrin (TPP)",917-23-7,methanol,,,,
"Tetrathiafulvalene (TTF, 2,2’-bi-1,3-dithiole)",31366-25-3,cyclohexane/hexane,,,,
"1,2,3,4-(1H)Tetrazole",288-94-8,ethanol,,,,
Thianthrene,92-85-3,acetone,,,,
Thiazoline-2-thiol,96-53-7,water,,,,
"1,1'-Thiocarbonyldiimidazole",6160-65-2,tetrahydrofuran,,,,
2-Thiocytosine (4-amino-2-mercaptopyrimidine),333-49-3,water,,,,
1-Thioflavone (2-phenylthiochromen-4-one),784-62-3,ethanol,,,,
Thioindigo,522-75-8,carbon_tetrachloride,chloroform,,,
Thiophene-2-acetic acid,1918-77-0,petroleum_ether,water,,,
Thiophene-3-acetic acid,6964-21-2,petroleum_ether/water,,,,
Thiophene-3-carboxylic acid,88-31-1,water,,,,
"Thiophene-2,5-dicarboxylic acid (2,5-dicarboxythiophene)",4282-31-9,water,methanol,,,
"Thymine (5-methylpyrimidin-2,4-dione, 5-methyluracil)",65-71-4,ethyl_acetate,,,,
"1,2,4(1H)-Triazole",288-88-0,ethanol,water,,,
Tricycloquinazoline,195-84-6,chloroform,toluene,,,
Trigonelline (1-methylnicotinic acid zwitterion),535-83-1,ethanol,,,,
"2,3,5-Triphenyltetrazolium chloride (TTC, TTZ)",298-96-4,ethanol/chloroform,,,,
"1,3,5-Trithiane (thioformaldehyde trimer)",291-21-4,acetic_acid/toluene,,,,
3-Tropanol (Tropine),120-29-6,diethyl_ether/toluene/petroleum_ether,ethanol,,,
Tryptamine hydrochloride,343-94-2,ethanol,,,,
β-Uridine (uracil-1-β-D-ribofuranoside),58-96-8,water/ethanol,,,,
δ-Valerolactam (2-piperidone),675-20-7,diethyl_ether,ethanol,chloroform,,
"Viologen (4,4'-dipyridyl dihydrochloride)",27926-72-3,methanol,,,,
9-Xanthone (9-xanthenone),90-47-1,ethanol,,,,
Yohimbine (Rauwolscine),146-48-5,ethanol,,,,
Acetonyltriphenylphosphonium chloride,1235-21-8,water,methanol/water,chloroform/petroleum_ether,,
"N-Acetyl-4-hydroxy-m-arsanilic acid (Acetarsol, Stovarsol, 3-acetamido-4-hydroxyphenylarsonic acid)",97-44-9,water,,,,
2-Amino-4-sulfobenzoic acid,98-43-1,water,,,,
Ammonium dodecylsulfate (ammonium laurylsulfate),2235-54-3,ethanol,,,,
Benzaldehyde-2-sulfonic acid sodium salt,1008-72-6,water,,,,
Benzeneselenenyl bromide (phenylselenenyl bromide),34837-55-3,petroleum_ether,,,,
Benzenestibonic acid,535-46-6,acetic_acid,ethanol,,,
m-Benzenedisulfonic acid,98-48-6,water,diethyl_ether,ethanol,,
Benzenesulfonyl chloride,98-09-9,water,,,,
"Benzotriazol-1-yloxytris(dimethylamino)phosphonium hexafluorophosphate (BOP, Castro’s Reagent)",56602-33-6,diethyl_ether,,,,
S-Benzylisothiuronium chloride,538-28-3,ethanol,,,,
Benzyltriphenylphosphonium chloride,1100-88-5,ethanol,,,,
Bis-(4-fluoro-3-nitrophenyl) sulfone,312-30-1,acetone/water,,,,
Bis-(phenylsulfonyl)imide (dibenzenedisulfimide),2618-96-4,water,diethyl_ether,,,
"Bismuthiol I (2,5-dimercapto-1,3,4-thiadiazole) potassium salt",4628-94-8,ethanol,,,,
"2,4-Bis(p-tolylthio)-1,3,2λ5,4λ5-dithiadiphosphetane-2,4-dithione (Heimgartner's reagent or Davy's rea- gent p-tolyl)",114234-09-2,toluene,,,,
4-Bromobenzenesulfonyl chloride,98-58-8,petroleum_ether,,,,
"Bromophenol Blue (3,3',5,5'-tetrabromophenolsulfonephthalein, sultone form)",115-39-9,acetone/acetic_acid,,,,
"Bromopyrogallol Red (5,5'-dibromopyrogallolsulfonephthalein)",16574-43-9,ethanol/water,,,,
But-3-enylboronic acid,379669-72-4,toluene,,,,
Butylboronic acid (1-butanedihydroxyborane),4426-47-5,petroleum_ether,,,,
(1R)-(-)Camphor-10-sulfonic acid,35963-20-3,acetic_acid,acetic_acid/ethyl_acetate,water,diethyl_ether,
(1S)-(+)Camphor-10-sulfonic acid,3144-16-9,water,,,,
4-Chlorobenzenesulfonyl chloride,98-60-2,water,,,,
S-4-Chlorobenzylisothiuronium chloride,544-47-8,ethanol,,,,
"Chlorotriphenylsilane (TPSCl, triphenylchlorosilane)",76-86-8,petroleum_ether,,,,
Cupferron ammonium salt (N-nitroso-N-phenylhydroxylamine ammonium salt),135-20-6,ethanol,,,,
Cuprous iodide trimethylphosphite,34836-53-8,petroleum_ether,,,,
"4,4-Diaminodiphenyl sulfide (4,4’-thioaniline)",139-65-1,ethanol,ethanol/water,,,
Di-n-amyl n-amylphosphonate,6418-56-0,hexane,,,,
Dibenzyl disulfide,150-60-7,ethanol,,,,
Dibenzyl sulfide,538-74-9,ethanol,diethyl_ether,,,
Di-n-butyl cyclohexylphosphonate,1085-92-3,hexane,,,,
"Dichloramine-T (N,N-dichloro-p-toluenesulfonamide)",473-34-7,petroleum_ether/chloroform/petroleum_ether,,,,
"O,O-Diethyl-S-2-diethylaminoethyl phosphorothiolate",78-53-5,isopropanol,,,,
Dihexadecyl phosphate (DHP),2197-63-9,methanol,,,,
"4,4'-Dimethoxythiobenzophenone",958-80-5,ethanol,,,,
"2,6-Dimethyl-1,10-phenanthrolinedisulfonic acid, di-Na salt (H2O) (bathocuproine-disulfonic acid di-Na salt)",52698-84-7,ethanol,,,,
"2,4-Dinitrobenzenesulfenyl chloride (Kharasch reagent)",528-76-7,carbon_tetrachloride,,,,
"2,4-Dinitrobenzenesulfonyl chloride",1656-44-6,petroleum_ether,,,,
Diphenyl disulfide (phenyl disulfide),882-33-7,methanol,diethyl_ether,hexane,,
Diphenyldiselenide,1666-13-3,chloroform/petroleum_ether,,,,
Diphenylphosphinic acid,1707-03-5,ethanol/water,,,,
Diphenylsilanediol,947-42-2,chloroform,,,,
"Disodium 4,5(1,8)-dihydroxynaphthalene-2,7(3,6)-disulfonate 2H2O (Chromotropic acid di-Na salt)",5808-22-0,water,,,,
Di-p-tolyl sulfone,599-66-6,diethyl_ether/ethanol,,,,
Ethoxycarbonylmethylene triphenylphosphonium bromide,1530-45-6,chloroform,,,,
Ethylarsonic acid,507-32-4,ethanol,water,,,
"S,S’-Ethylene di(p-toluenethiosulfonate) (ethylene dithiotosylate)",2225-23-2,ethyl_acetate,,,,
Ethynyl p-tolylsulfone (tosylacetylene),13894-21-8,petroleum_ether,,,,
Ethyl triphenylphosphonium bromide,1530-32-1,water,,,,
6-Hydroxy-2-naphthyl disulfide,6088-51-3,acetic_acid,acetic_acid/dioxane,,,
Magnesium dodecylsulfate,3097-08-3,ethanol,,,,
Manganous ethylenebis(dithiocarbamate) (Maneb),12427-38-2,ethanol,,,,
Metanilic acid (3-aminobenzenesulfonic acid),121-47-1,water,,,,
Methoxycarbonylmethyltriphenylphosphonium bromide,1779-58-4,chloroform/diethyl_ether,,,,
Methylarsonic acid,124-58-3,acetone,,,,
Methylphosphonic acid,993-13-5,ethanol/water,,,,
Methyl 4-toluenesulfonate,80-48-8,petroleum_ether/diethyl_ether/petroleum_ether,,,,
Methyl triphenylphosphonium bromide,1779-49-3,water,,,,
Naphthalene-2-sulfonyl chloride,93-11-8,petroleum_ether,ethanol,,,
"Naphthol Yellow S (citronin A, Food Yellow 1, flavianic acid sodium salt, 8-hydroxy-5,7-dinitro-2naphthalene sulfonic acid disodium salt)",846-70-8,acetic_acid,,,,
2-Naphthylamine-6-sulfonic acid (Broenner’s acid),93-00-5,ethanol,,,,
2-Nitrobenzenesulfenyl chloride (NPS-Cl),7669-54-7,petroleum_ether,carbon_tetrachloride,,,
2-Nitrobenzenesulfonyl chloride,1694-92-4,ethanol,,,,
3-Nitrobenzenesulfonyl chloride,121-51-7,petroleum_ether/carbon_tetrachloride,acetic_acid,carbon_tetrachloride,,
4-Nitrobenzenesulfonyl chloride (Nosyl chloride),98-74-8,petroleum_ether/diethyl_ether/petroleum_ether,,,,
n-Octadecylphosphonic acid (ODPA),4724-74-4,hexane,,,,
Octaphenyl cyclotetrasiloxane,546-56-5,acetic_acid,,,,
"Orange G (Acid Orange 10, 1-phenylazo-2-naphthol-6,8-disulfonic acid di-Na salt)",1936-15-8,ethanol,ethanol/water,,,
"Phenol-2,4-disulfonic acid",96-77-5,ethanol,,,,
"1,4-Phenylene diisothiocyanate (bitoscanate)",4044-65-9,acetic_acid,,,,
Phenylboronic acid (benzeneboronic acid),98-80-6,water,,,,
Phenyl methanesulfonate,16156-59-5,methanol,,,,
1-Phenylthiosemicarbazide,645-48-7,ethanol,,,,
4-Phenylthiosemicarbazide,5351-69-9,ethanol,,,,
Phenyl 4-toluenesulfonate,640-60-8,methanol,,,,
Polystyrenesulfonic acid sodium salt (-CH2CH(C6H4SO3Na)-),25704-18-1,ethanol,,,,
Potassium 2-furantrifluoroborate,166328-14-9,acetonitrile,,,,
Potassium tetraphenylborate,3244-41-5,acetone,,,,
Potassium trimethylsilanolate (trimethylsilanol K salt),10519-96-7,water,,,,
Propargyl triphenyl phosphonium bromide,2091-46-5,ethanol,,,,
Propylphosphonic acid (1-propanephosphonic acid),4672-38-2,hexane,,,,
"1,3,6,8-Pyrenetetrasulfonic acid",6528-53-6,water,,,,
Selenourea,630-10-4,water,ethanol/diethyl_ether,,,
Silicon tetraacetate,562-90-3,petroleum_ether/diethyl_ether,,,,
Silver tosylate,16836-95-6,water,,,,
Sodium benzenesulfinate (benzenesulfinic acid Na salt),873-55-2,ethanol,,,,
Sodium benzenesulfonate,515-42-4,ethanol/water,,,,
Sodium 4-chlorobenzenesulfonate,5138-90-9,methanol,,,,
Sodium 3-chloro-5-methylbenzenesulfonate,5138-92-1,methanol,,,,
"Sodium 2,5-dichlorobenzenesulfonate",5138-93-2,methanol,,,,
"Sodium 2,5-dimethylbenzenesulfonate (sodium p-xylenesulfonate)",827-19-0,methanol,,,,
Sodium 1-dodecanesulfonate,2386-53-0,ethanol,,,,
Sodium 4-dodecylbenzenesulfonate,25155-30-0,water,,,,
"Sodium dodecylsulfate (SDS, sodium laurylsulfate)",151-21-3,water,,,,
Sodium ethylmercurithiosalicylate (Thimerosal),54-64-8,ethanol/diethyl_ether,methanol/diethyl_ether,,,
Sodium hexadecylsulfate (cetyl sodium sulfate),1120-01-0,methanol,,,,
Sodium 2-hydroxy-4-methoxybenzophenone-5-sulfonate,6628-37-1,methanol,,,,
Sodium p-hydroxyphenylazobenzene-p'-sulfonate,2623-36-1,ethanol/water,,,,
Sodium 3-methyl-1-butanesulfonate,5343-41-9,methanol/water,,,,
Sodium 2-naphthalenesulfonate,532-02-5,water,,,,
Sodium thioglycolate (mercaptoacetic acid Na salt),367-51-1,ethanol/water,,,,
Sodium 4-toluenesulfonate,657-84-1,diethyl_ether,methanol/ethanol,,,
"Sodium 2,2',4-trihydroxyazobenzene-5'-sulfonate",3564-26-9,methanol,,,,
5-Sulfosalicylic acid,5965-83-3,water,,,,
Tetrabutylammonium borohydride,33725-74-5,ethyl_acetate,,,,
Tetrabutylammonium tetrafluoroborate,429-42-5,water,,,,
Tetramethylammonium triphenylborofluoride,437-11-6,acetone/acetone/ethanol,,,,
Tetraphenylarsonium iodide,7422-32-4,methanol,,,,
Tetraphenylarsonium perchlorate,3084-10-4,methanol,,,,
Tetraphenylbiphosphine (Ph2P-PPh2),1101-41-3,petroleum_ether,,,,
Tetraphenylphosphonium chloride,2001-45-8,petroleum_ether,diethyl_ether/ethanol/diethyl_ether,acetone,,
Thioacetanilide,637-53-6,water,,,,
Thiobenzanilide,636-04-4,methanol,,,,
2-Thionaphthol,91-60-1,ethanol,dioxane,,,
Thiosalicylic (2-mercaptobenzoic) acid,147-93-3,ethanol,acetic_acid,,,
o-Toluenesulfonamide,88-19-7,water,ethanol/diethyl_ether/petroleum_ether,,,
p-Toluenesulfonic acid,6192-52-5,ethanol,toluene,petroleum_ether,ethanol/diethyl_ether/petroleum_ether,
"2-p-Toluidinylnaphthalene-6-sulfonic acid (2,6-TNS)",7724-15-4,water,,,,
p-Tolyl disulfide,103-19-5,methanol,,,,
"p-Tolylsulfonylmethyl isocyanide (tosylmethyl isocyanide, TOSMIC)",36635-61-7,methanol,,,,
Triethylphosphine,554-70-1,ethanol,,,,
Triisoamyl phosphate (TAP),919-62-0,hexane,,,,
Triisobutyl phosphate,126-71-6,hexane,,,,
Trimesitylphosphine,23897-15-6,ethanol,,,,
Trimethylphosphine,594-09-2,ethanol,,,,
2-(Trimethylsilyl)ethoxymethyltriphenylphosphonium chloride (SEM-triphenylphosphonium chloride),82495-75-8,ethyl_acetate,,,,
Tri(4-nitrophenyl)phosphate,3871-20-3,acetic_acid,,,,
Tri(n-octyl)phosphine oxide (TOPO),78-50-2,petroleum_ether/cyclohexane,ethanol,,,
Tri(neo-pentyl) phosphate,14540-59-1,hexane,,,,
Triphenylarsine,603-32-7,ethanol,,,,
Triphenylarsine oxide,1153-05-5,ethanol,,,,
"Triphenyl borane (borane triphenyl, triphenyl boron)",960-71-4,diethyl_ether,,,,
Triphenyl phosphate,115-86-6,ethanol/petroleum_ether/ethanol,,,,
Triphenylphosphine,603-35-0,hexane,ethanol/diethyl_ether,petroleum_ether,acetic_acid,
Triphenylphosphine dibromide,1034-39-5,acetonitrile/diethyl_ether,ethanol,,,
Triphenylphosphorylidene acetaldehyde (formylmethylenetriphenylphosphorane),2136-75-6,chloroform,acetone,,,
Triphenylphosphorylidene acetonitrile (cyanomethylenetriphenylphosphorane),16640-68-9,ethyl_acetate,,,,
Triphenyl silane,789-25-3,petroleum_ether,methanol,diethyl_ether/petroleum_ether,,
Triphenyl vinyl silane,18666-68-7,ethanol,,,,
Tri(quinol-8-yl) phosphate,52429-99-9,dimethylformamide,,,,
Vinylphosphonic acid,1746-03-8,ethanol,,,,
Zinc diethyldithiocarbamate,14324-55-1,xylene,toluene,,,
Zinc dimethyldithiocarbamate (Ziram),137-30-4,toluene,,,,
